AUDIO_START_TIME,source_db,duration,contact_duration,session_total_hold_time,type,eval_count,ifind_rank,sid,site_id,audio_ch_num,audio_module_num,audio_start_time_gmt,transaction_id,ani,audio_end_time,audio_start_time1,call_id,contact_duration_seconds,direction,dnis,duration_seconds,evaluated_by_me,exception_reason,extension,string_extension,is_exception,local_audio_end_time,local_audio_start_time,number_of_conferences,number_of_holds,number_of_transfers,num_of_cxm_evals,num_of_ccq_evals,session_number_of_holds,session_total_hold_time_in_seconds,pbx_login_id,personal_id,personal_name,personal_tag,prod_time,producer_name,remark,screens_exists,screens_module,switch_call_id,switch_id,switch_name,total_hold_time,total_hold_time_in_seconds,wrapup_time_in_seconds,wrapup_time,interaction_type_id,interaction_type,media_type_bit_mask,cd1,cd2,cd3,cd4,cd5,cd6,cd7,cd8,cd9,cd10,cd11,cd12,cd13,cd14,cd15,cd16,cd17,cd18,cd19,cd20,cd21,cd22,cd23,cd24,cd25,cd26,cd27,cd28,cd29,cd30,cd31,cd32,cd33,cd34,cd35,cd36,cd37,cd38,cd39,cd40,cd41,cd42,cd43,cd44,cd45,cd46,cd47,cd48,cd49,cd50,cd51,cd52,cd53,cd54,cd55,cd56,cd57,cd58,cd59,cd60,cd61,cd62,cd63,cd64,cd65,cd66,cd67,cd68,cd69,cd70,cd71,cd72,cd73,cd74,cd75,pcd1_value,pcd1,pcd2_value,pcd2,pcd3_value,pcd3,pcd4_value,pcd4,pcd5_value,pcd5,pcd6_value,pcd6,pcd7_value,pcd7,pcd8_value,pcd8,pcd9_value,pcd9,pcd10_value,pcd10,pcd11_value,pcd11,pcd12_value,pcd12,pcd13_value,pcd13,pcd14_value,pcd14,pcd15_value,pcd15,ifind_categories,has_emotion
2024-04-17T16:56:03.77,CentralContact,00:02:00,00:03:01,00:00:00,1,0,0,7524133,708,70472607,708027,2024-04-17T14:56:03.77,2024041714560377007047260770881401,+35391733561,2024-04-17T16:58:03.77,2024-04-17T16:56:03.77,9151422010300008141,181,1,+18022940681,120,0,1,2147483647,user007@verintnew01.prodreleasev2.com,0,2024-04-17T15:58:03.77,2024-04-17T15:56:03.77,0,0,1,0,0,0,0,,708001007,"user007, user007",0,,,,0,0,1ee9ae3d-88a5-49ef-841f-e80ac8656d8e,708000502,Verintnew01_PhoneDS_IKHHJK,00:00:00,0,0,00:00:00,1,Phone,1,,,,,,,,1ee9ae3d-88a5-49ef-841f-e80ac8656d8e,,,,,,,,,,,,,,,,,,,,,07626579061713365683,user007@verintnew01.prodreleasev2.com,user007@verintnew01.prodreleasev2.com,,,,,,,,,,,,,,Department.Support,,,,,,,,,,,,,,,,,,,,,,,,,,,,,,,,,,,,,,,,,,,,,,,,,,,,,,,,,,,,,,0
2024-04-17T16:55:03.06,CentralContact,00:02:00,00:03:01,00:00:00,1,0,0,7524132,708,70472606,708027,2024-04-17T14:55:03.06,2024041714550306107047260670881401,+35391733561,2024-04-17T16:57:03.06,2024-04-17T16:55:03.06,9151422010300008141,181,1,+18022940681,120,0,1,2147483647,user001@verintnew01.prodreleasev2.com,0,2024-04-17T15:57:03.06,2024-04-17T15:55:03.06,0,0,1,0,0,0,0,,708001001,"user001, user001",0,,,,0,0,1ee9ae3d-88a5-49ef-841f-e80ac8656d8e,708000502,Verintnew01_PhoneDS_IKHHJK,00:00:00,0,0,00:00:00,1,Phone,1,,,,,,,,1ee9ae3d-88a5-49ef-841f-e80ac8656d8e,,,,,,,,,,,,,,,,,,,,,a4d029db-f307-4053-8a51-898050fc4287-dXMtY2VudHJhbDE,user001@verintnew01.prodreleasev2.com,user001@verintnew01.prodreleasev2.com,,,,,,,,,,,,,,Department.Support,,,,,,,,,,,,,,,,,,,,,,,,,,,,,,,,,,,,,,,,,,,,,,,,,,,,,,,,,,,,,,0
2024-04-17T15:46:13.553,CentralContact,00:01:38,00:02:44,00:00:00,1,0,0,7524129,708,70472605,708027,2024-04-17T13:46:13.553,2024041713461355207047260570881401,+35391733561,2024-04-17T15:47:51.553,2024-04-17T15:46:13.553,9151421590770008141,164,1,+18022940681,98,0,1,2147483647,user007@verintnew01.prodreleasev2.com,0,2024-04-17T14:47:51.553,2024-04-17T14:46:13.553,0,0,1,0,0,0,0,,708001007,"user007, user007",0,,,,0,0,fe2534ee-6efd-442d-a5db-9c353dfc9667,708000502,Verintnew01_PhoneDS_IKHHJK,00:00:00,0,0,00:00:00,1,Phone,1,,,,,,,,fe2534ee-6efd-442d-a5db-9c353dfc9667,,,,,,,,,,,,,,,,,,,,,09989067131713361477,user007@verintnew01.prodreleasev2.com,user007@verintnew01.prodreleasev2.com,,,,,,,,,,,,,,Department.Support,,,,,,,,,,,,,,,,,,,,,,,,,,,,,,,,,,,,,,,,,,,,,,,,,,,,,,,,,,,,,,0
2024-04-17T15:45:07.727,CentralContact,00:01:45,00:02:44,00:00:00,1,0,0,7524128,708,70472604,708027,2024-04-17T13:45:07.727,2024041713450772607047260470881401,+35391733561,2024-04-17T15:46:52.727,2024-04-17T15:45:07.727,9151421590770008141,164,1,+18022940681,105,0,1,2147483647,user001@verintnew01.prodreleasev2.com,0,2024-04-17T14:46:52.727,2024-04-17T14:45:07.727,0,0,1,0,0,0,0,,708001001,"user001, user001",0,,,,0,0,fe2534ee-6efd-442d-a5db-9c353dfc9667,708000502,Verintnew01_PhoneDS_IKHHJK,00:00:00,0,0,00:00:00,1,Phone,1,,,,,,,,fe2534ee-6efd-442d-a5db-9c353dfc9667,,,,,,,,,,,,,,,,,,,,,a97f5c14-0979-4a76-8415-3d86edb2a14f-dXMtY2VudHJhbDE,user001@verintnew01.prodreleasev2.com,user001@verintnew01.prodreleasev2.com,,,,,,,,,,,,,,Department.Support,,,,,,,,,,,,,,,,,,,,,,,,,,,,,,,,,,,,,,,,,,,,,,,,,,,,,,,,,,,,,,0
2024-04-12T12:07:21.913,CentralContact,00:03:25,00:03:25,00:00:00,1,0,0,7524056,708,70472603,708027,2024-04-12T10:07:21.913,2024041210072191207047260370881401,+33241835140,2024-04-12T12:10:46.913,2024-04-12T12:07:21.913,9151377084190008141,205,1,+18022940681,205,0,1,2147483647,fredagent@verintnew01.prodreleasev2.com,0,2024-04-12T11:10:46.913,2024-04-12T11:07:21.913,0,0,0,0,0,0,0,,708007651,"agent, fred",0,,,,0,0,ef9e32a5-8b4e-4880-be14-365c3ea6652e,708000502,Verintnew01_PhoneDS_IKHHJK,00:00:00,0,0,00:00:00,1,Phone,1,,,,,,,,ef9e32a5-8b4e-4880-be14-365c3ea6652e,,,,,,,,,,,,,,,,,,,,,07626064051712916402,fredagent@verintnew01.prodreleasev2.com,fredagent@verintnew01.prodreleasev2.com,,,,,,,,,,,,,,Department.Accounts,,,,,,,,,,,,,,,,,,,,,,,,,,,,,,,,,,,,,,,,,,,,,,,,,,,,,,,,,,,,,,0
2024-04-12T10:15:06.757,CentralContact,00:00:09,00:00:08,00:00:00,1,0,0,7524055,708,70472602,708028,2024-04-12T08:15:06.757,2024041208150675607047260270881401,+35391733561,2024-04-12T10:15:15.757,2024-04-12T10:15:06.757,9151376410670008141,8,1,+18022940681,9,0,1,2147483647,user007@verintnew01.prodreleasev2.com,0,2024-04-12T09:15:15.757,2024-04-12T09:15:06.757,0,0,0,0,0,0,0,,708001007,"user007, user007",0,,,,0,0,7dd37696-2b96-4679-8347-c94c533acb9a,708000502,Verintnew01_PhoneDS_IKHHJK,00:00:00,0,0,00:00:00,1,Phone,1,,,,,,,,7dd37696-2b96-4679-8347-c94c533acb9a,,,,,,,,,,,,,,,,,,,,,07626062241712909678,user007@verintnew01.prodreleasev2.com,user007@verintnew01.prodreleasev2.com,,,,,,,,,,,,,,Department.Accounts,,,,,,,,,,,,,,,,,,,,,,,,,,,,,,,,,,,,,,,,,,,,,,,,,,,,,,,,,,,,,,0
2024-03-29T12:40:58.897,CentralContact,00:00:40,00:00:39,00:00:00,1,0,0,7523793,708,16870143,708028,2024-03-29T11:40:58.897,2024032911405889501687014370881401,+353894522990,2024-03-29T12:41:38.897,2024-03-29T12:40:58.897,9151256685880008141,39,1,+18022940681,40,0,1,2147483647,user004@verintnew01.prodreleasev2.com,0,2024-03-29T11:41:38.897,2024-03-29T11:40:58.897,0,0,1,0,0,0,0,,708001004,"user004, user004",0,,,,0,0,fd053318-5617-40c1-aea9-b418937aaa33,708000502,Verintnew01_PhoneDS_IKHHJK,00:00:00,0,0,00:00:00,1,Phone,1,,,,,,,,fd053318-5617-40c1-aea9-b418937aaa33,,,,,,,,,,,,,,,,,,,,,32606082641711712431,user004@verintnew01.prodreleasev2.com,user004@verintnew01.prodreleasev2.com,,,,,,,,,,,,,,Department.Support,,,,,,,,,,,,,,,,,,,,,,,,,,,,,,,,,,,,,,,,,,,,,,,,,,,,,,,,,,,,,,0
2024-03-29T12:33:05.55,CentralContact,00:00:45,00:00:44,00:00:00,1,0,0,7523792,708,16870141,708028,2024-03-29T11:33:05.55,2024032911330555001687014170881401,+353894522990,2024-03-29T12:33:50.55,2024-03-29T12:33:05.55,9151256638550008141,44,1,+18022940681,45,0,1,2147483647,user002@verintnew01.prodreleasev2.com,0,2024-03-29T11:33:50.55,2024-03-29T11:33:05.55,0,0,1,0,0,0,0,,708001002,"user002, user002",0,,,,0,0,c8c0a859-af4d-4312-a71b-31b9829e78e7,708000502,Verintnew01_PhoneDS_IKHHJK,00:00:00,0,0,00:00:00,1,Phone,1,,,,,,,,c8c0a859-af4d-4312-a71b-31b9829e78e7,,,,,,,,,,,,,,,,,,,,,32606082591711711957,user002@verintnew01.prodreleasev2.com,user002@verintnew01.prodreleasev2.com,,,,,,,,,,,,,,Department.Support,,,,,,,,,,,,,,,,,,,,,,,,,,,,,,,,,,,,,,,,,,,,,,,,,,,,,,,,,,,,,,0
2024-03-25T14:52:03.163,CentralContact,00:00:26,00:00:26,00:00:00,1,0,0,7523493,708,16870130,708027,2024-03-25T13:52:03.163,2024032513520315201687013070881401,+353894522990,2024-03-25T14:52:29.163,2024-03-25T14:52:03.163,9151222912310008141,26,1,+18022940681,26,0,1,2147483647,user002@verintnew01.prodreleasev2.com,0,2024-03-25T13:52:29.163,2024-03-25T13:52:03.163,0,0,0,0,0,0,0,,708001002,"user002, user002",0,,,,0,0,d6aac2e1-e93b-48b1-a129-91e3fedf28f9,708000502,Verintnew01_PhoneDS_IKHHJK,00:00:00,0,0,00:00:00,1,Phone,1,,,,,,,,d6aac2e1-e93b-48b1-a129-91e3fedf28f9,,,,,,,,,,,,,,,,,,,,,25458601981711374695,user002@verintnew01.prodreleasev2.com,user002@verintnew01.prodreleasev2.com,,,,,,,,,,,,,,Department.Support,,,,,,,,,,,,,,,,,,,,,,,,,,,,,,,,,,,,,,,,,,,,,,,,,,,,,,,,,,,,,,0
2024-03-13T17:44:30.977,CentralContact,00:05:28,00:05:28,00:00:00,1,0,0,7491617,708,83778456,708028,2024-03-13T16:44:30.977,2024031316443097708377845670878701,+35391733561,2024-03-13T17:49:58.977,2024-03-13T17:44:30.977,9151120267090007871,328,1,+18022940681,328,0,1,2147483647,user007@verintnew01.prodreleasev2.com,0,2024-03-13T16:49:58.977,2024-03-13T16:44:30.977,0,0,0,0,0,0,0,,708001007,"user007, user007",0,,,,0,0,91b825f5-be26-4e00-811d-3e997ba831ec,708000502,Verintnew01_PhoneDS_IKHHJK,00:00:00,0,0,00:00:00,1,Phone,1,,,,,,,,91b825f5-be26-4e00-811d-3e997ba831ec,,,,,,,,,,,,,,,,,,,,,03190073731710348234,user007@verintnew01.prodreleasev2.com,user007@verintnew01.prodreleasev2.com,,,,,,,,,,,,,,Department.Accounts,b4c28c2d-7e68-4d42-bd93-0295451cc9dd,,,,,,,,,,,,,,,,,,,,,,,,,,,,,,,,,,,,,,,,,,,,,,,,,,,,,,,,,,,,,0
2024-03-07T17:48:49.243,CentralContact,00:00:29,00:00:28,00:00:00,1,0,0,6566522,708,73357220,708028,2024-03-07T16:48:49.243,2024030716484924207335722070878701,user002@verintnew01.prodreleasev2.com,2024-03-07T17:49:18.243,2024-03-07T17:48:49.243,9151068452920007871,28,2,+353894522990,29,0,1,2147483647,user002@verintnew01.prodreleasev2.com,0,2024-03-07T16:49:18.243,2024-03-07T16:48:49.243,0,0,0,0,0,0,0,,708001002,"user002, user002",0,,,,0,0,97ee2067-212f-4cee-bdab-7da7691feb8b,708000502,Verintnew01_PhoneDS_IKHHJK,00:00:00,0,0,00:00:00,1,Phone,1,,,,,,,,97ee2067-212f-4cee-bdab-7da7691feb8b,,,,,,,,,,,,,,,,,,,,,24116000041709830128,user002@verintnew01.prodreleasev2.com,user002@verintnew01.prodreleasev2.com,,,,,,,,,,,,,,,,,,,,,,,,,,,,,,,,,,,,,,,,,,,,,,,,,,,,,,,,,,,,,,,,,,,,,,,,,,,,0
2024-03-07T17:42:26.973,CentralContact,00:00:26,00:00:26,00:00:00,1,0,0,6565984,708,73357219,708027,2024-03-07T16:42:26.973,2024030716422697307335721970878701,anonymous,2024-03-07T17:42:52.973,2024-03-07T17:42:26.973,9151068414690007871,26,1,+18022940681,26,0,1,2147483647,user002@verintnew01.prodreleasev2.com,0,2024-03-07T16:42:52.973,2024-03-07T16:42:26.973,0,0,0,0,0,0,0,,708001002,"user002, user002",0,,,,0,0,45890ec1-c998-4ad3-a082-28beb0f1d3c7,708000502,Verintnew01_PhoneDS_IKHHJK,00:00:00,0,0,00:00:00,1,Phone,1,,,,,,,,45890ec1-c998-4ad3-a082-28beb0f1d3c7,,,,,,,,,,,,,,,,,,,,,03190579411709829718,user002@verintnew01.prodreleasev2.com,user002@verintnew01.prodreleasev2.com,,,,,,,,,,,,,,Department.Support,b4c28c2d-7e68-4d42-bd93-0295451cc9dd,,,,,,,,,,,,,,,,,,,,,,,,,,,,,,,,,,,,,,,,,,,,,,,,,,,,,,,,,,,,,0
2024-03-04T14:03:25.883,CentralContact,00:00:21,00:00:20,00:00:00,1,0,0,6158270,708,8457927,708028,2024-03-04T13:03:25.883,2024030413032588400845792770881401,anonymous,2024-03-04T14:03:46.883,2024-03-04T14:03:25.883,9151041180580008141,20,1,+18022940681,21,0,1,2147483647,user003@verintnew01.prodreleasev2.com,0,2024-03-04T13:03:46.883,2024-03-04T13:03:25.883,0,0,0,0,0,0,0,,708001003,"user003, user003",0,,,,0,0,057b7924-938a-4e52-b8f3-5e82f30e9101,708000502,Verintnew01_PhoneDS_IKHHJK,00:00:00,0,0,00:00:00,1,Phone,1,,,,,,,,057b7924-938a-4e52-b8f3-5e82f30e9101,,,,,,,,,,,,,,,,,,,,,03190126711709557380,user003@verintnew01.prodreleasev2.com,user003@verintnew01.prodreleasev2.com,,,,,,,,,,,,,,Department.Support,,,,,,,,,,,,,,,,,,,,,,,,,,,,,,,,,,,,,,,,,,,,,,,,,,,,,,,,,,,,,,0
2024-03-04T13:54:37.307,CentralContact,00:00:36,00:00:36,00:00:00,1,0,0,6158267,708,8457926,708028,2024-03-04T12:54:37.307,2024030412543730700845792670881401,+353894522990,2024-03-04T13:55:13.307,2024-03-04T13:54:37.307,9151041127730008141,36,1,+18022940681,36,0,1,2147483647,user003@verintnew01.prodreleasev2.com,0,2024-03-04T12:55:13.307,2024-03-04T12:54:37.307,0,0,1,0,0,0,0,,708001003,"user003, user003",0,,,,0,0,f6aa1685-3e34-4cb9-9714-65399ba5e7e1,708000502,Verintnew01_PhoneDS_IKHHJK,00:00:00,0,0,00:00:00,1,Phone,1,,,,,,,,f6aa1685-3e34-4cb9-9714-65399ba5e7e1,,,,,,,,,,,,,,,,,,,,,11191519681709556850,user003@verintnew01.prodreleasev2.com,user003@verintnew01.prodreleasev2.com,,,,,,,,,,,,,,Department.Support,,,,,,,,,,,,,,,,,,,,,,,,,,,,,,,,,,,,,,,,,,,,,,,,,,,,,,,,,,,,,,0
2024-03-04T13:49:00.26,CentralContact,00:00:58,00:00:58,00:00:00,1,0,0,6158266,708,8457924,708027,2024-03-04T12:49:00.26,2024030412490025900845792470881401,+353894522990,2024-03-04T13:49:58.26,2024-03-04T13:49:00.26,9151041094020008141,58,1,+18022940681,58,0,1,2147483647,user003@verintnew01.prodreleasev2.com,0,2024-03-04T12:49:58.26,2024-03-04T12:49:00.26,0,0,1,0,0,0,0,,708001003,"user003, user003",0,,,,0,0,2b275cae-ddb8-4def-b253-5532d37ffdf1,708000502,Verintnew01_PhoneDS_IKHHJK,00:00:00,0,0,00:00:00,1,Phone,1,,,,,,,,2b275cae-ddb8-4def-b253-5532d37ffdf1,,,,,,,,,,,,,,,,,,,,,11191519431709556513,user003@verintnew01.prodreleasev2.com,user003@verintnew01.prodreleasev2.com,,,,,,,,,,,,,,Department.Support,,,,,,,,,,,,,,,,,,,,,,,,,,,,,,,,,,,,,,,,,,,,,,,,,,,,,,,,,,,,,,0
2024-03-04T13:23:31.15,CentralContact,00:00:28,00:00:27,00:00:00,1,0,0,6158262,708,8457923,708027,2024-03-04T12:23:31.15,2024030412233114900845792370881401,+353894522990,2024-03-04T13:23:59.15,2024-03-04T13:23:31.15,9151040941110008141,27,1,+18022940681,28,0,1,2147483647,user003@verintnew01.prodreleasev2.com,0,2024-03-04T12:23:59.15,2024-03-04T12:23:31.15,0,0,1,0,0,0,0,,708001003,"user003, user003",0,,,,0,0,db7a367a-2f4f-4041-9453-b4ae1bfa33b1,708000502,Verintnew01_PhoneDS_IKHHJK,00:00:00,0,0,00:00:00,1,Phone,1,,,,,,,,db7a367a-2f4f-4041-9453-b4ae1bfa33b1,,,,,,,,,,,,,,,,,,,,,11191518611709554983,user003@verintnew01.prodreleasev2.com,user003@verintnew01.prodreleasev2.com,,,,,,,,,,,,,,Department.Support,,,,,,,,,,,,,,,,,,,,,,,,,,,,,,,,,,,,,,,,,,,,,,,,,,,,,,,,,,,,,,0
2024-03-04T13:20:22.007,CentralContact,00:00:32,00:00:31,00:00:00,1,0,0,6158260,708,8457922,708028,2024-03-04T12:20:22.007,2024030412202200700845792270881401,anonymous,2024-03-04T13:20:54.007,2024-03-04T13:20:22.007,9151040922200008141,31,1,+18022940681,32,0,1,2147483647,user003@verintnew01.prodreleasev2.com,0,2024-03-04T12:20:54.007,2024-03-04T12:20:22.007,0,0,0,0,0,0,0,,708001003,"user003, user003",0,,,,0,0,e16a92eb-a7da-4b7e-8555-c75b49cbc360,708000502,Verintnew01_PhoneDS_IKHHJK,00:00:00,0,0,00:00:00,1,Phone,1,,,,,,,,e16a92eb-a7da-4b7e-8555-c75b49cbc360,,,,,,,,,,,,,,,,,,,,,03190125781709554795,user003@verintnew01.prodreleasev2.com,user003@verintnew01.prodreleasev2.com,,,,,,,,,,,,,,Department.Support,,,,,,,,,,,,,,,,,,,,,,,,,,,,,,,,,,,,,,,,,,,,,,,,,,,,,,,,,,,,,,0
2024-02-29T20:12:04.033,CentralContact,00:00:31,00:00:31,00:00:00,1,0,0,5677132,708,8457921,708027,2024-02-29T19:12:04.033,2024022919120403300845792170881401,anonymous,2024-02-29T20:12:35.033,2024-02-29T20:12:04.033,9151008832400008141,31,1,+18022940681,31,0,1,2147483647,user003@verintnew01.prodreleasev2.com,0,2024-02-29T19:12:35.033,2024-02-29T19:12:04.033,0,0,0,0,0,0,0,,708001003,"user003, user003",0,,,,0,0,86bd3a58-6813-46cb-b381-494ed3909503,708000502,Verintnew01_PhoneDS_IKHHJK,00:00:00,0,0,00:00:00,1,Phone,1,,,,,,,,86bd3a58-6813-46cb-b381-494ed3909503,,,,,,,,,,,,,,,,,,,,,20261370441709233885,user003@verintnew01.prodreleasev2.com,user003@verintnew01.prodreleasev2.com,,,,,,,,,,,,,,Department.Support,,,,,,,,,,,,,,,,,,,,,,,,,,,,,,,,,,,,,,,,,,,,,,,,,,,,,,,,,,,,,,0
2024-02-29T20:04:30.93,CentralContact,00:00:24,00:00:24,00:00:00,1,0,0,5675462,708,8457920,708027,2024-02-29T19:04:30.93,2024022919043091900845792070881401,anonymous,2024-02-29T20:04:54.93,2024-02-29T20:04:30.93,9151008787090008141,24,1,+18022940681,24,0,1,2147483647,user003@verintnew01.prodreleasev2.com,0,2024-02-29T19:04:54.93,2024-02-29T19:04:30.93,0,0,0,0,0,0,0,,708001003,"user003, user003",0,,,,0,0,1cc1bef5-1be8-43cd-8bf1-89b738b086eb,708000502,Verintnew01_PhoneDS_IKHHJK,00:00:00,0,0,00:00:00,1,Phone,1,,,,,,,,1cc1bef5-1be8-43cd-8bf1-89b738b086eb,,,,,,,,,,,,,,,,,,,,,22983521351709233440,user003@verintnew01.prodreleasev2.com,user003@verintnew01.prodreleasev2.com,,,,,,,,,,,,,,Department.Support,,,,,,,,,,,,,,,,,,,,,,,,,,,,,,,,,,,,,,,,,,,,,,,,,,,,,,,,,,,,,,0
2024-02-21T09:53:54.81,CentralContact,00:00:28,00:00:28,00:00:00,1,0,0,4708110,708,55831802,708027,2024-02-21T08:53:54.81,2024022108535481005583180270881401,user003@verintnew01.prodreleasev2.com,2024-02-21T09:54:22.81,2024-02-21T09:53:54.81,9150936003480008141,28,2,+353894522990,28,0,1,2147483647,user003@verintnew01.prodreleasev2.com,0,2024-02-21T08:54:22.81,2024-02-21T08:53:54.81,0,0,0,0,0,0,0,,708001003,"user003, user003",0,,,,0,0,e227f0bf-4dd2-46f0-8353-fba21c4587cf,708000502,Verintnew01_PhoneDS_IKHHJK,00:00:00,0,0,00:00:00,1,Phone,1,,,,,,,,e227f0bf-4dd2-46f0-8353-fba21c4587cf,,,,,,,,,,,,,,,,,,,,,05960000041708505634,user003@verintnew01.prodreleasev2.com,user003@verintnew01.prodreleasev2.com,,,,,,,,,,,,,,,,,,,,,,,,,,,,,,,,,,,,,,,,,,,,,,,,,,,,,,,,,,,,,,,,,,,,,,,,,,,,0
2024-02-21T09:45:43.57,CentralContact,00:00:39,00:00:39,00:00:00,1,0,0,4707445,708,55831797,708027,2024-02-21T08:45:43.57,2024022108454356905583179770881401,user003@verintnew01.prodreleasev2.com,2024-02-21T09:46:22.57,2024-02-21T09:45:43.57,9150935954350008141,39,2,+353894522990,39,0,1,2147483647,user003@verintnew01.prodreleasev2.com,0,2024-02-21T08:46:22.57,2024-02-21T08:45:43.57,0,0,0,0,0,0,0,,708001003,"user003, user003",0,,,,0,0,df45e815-8399-41dd-ac1e-57e0682b262d,708000502,Verintnew01_PhoneDS_IKHHJK,00:00:00,0,0,00:00:00,1,Phone,1,,,,,,,,df45e815-8399-41dd-ac1e-57e0682b262d,,,,,,,,,,,,,,,,,,,,,06037000041708505142,user003@verintnew01.prodreleasev2.com,user003@verintnew01.prodreleasev2.com,,,,,,,,,,,,,,,,,,,,,,,,,,,,,,,,,,,,,,,,,,,,,,,,,,,,,,,,,,,,,,,,,,,,,,,,,,,,0
2024-02-20T22:39:41.45,CentralContact,00:00:24,00:00:23,00:00:00,1,0,0,4651874,708,55831795,708028,2024-02-20T21:39:41.45,2024022021394144905583179570881401,user001@verintnew01.prodreleasev2.com,2024-02-20T22:40:05.45,2024-02-20T22:39:41.45,9150931958140008141,23,2,+353894522990,24,0,1,2147483647,user001@verintnew01.prodreleasev2.com,0,2024-02-20T21:40:05.45,2024-02-20T21:39:41.45,0,0,0,0,0,0,0,,708001001,"user001, user001",0,,,,0,0,5982aae6-e3df-469e-ba57-064cb2bd71ce,708000502,Verintnew01_PhoneDS_IKHHJK,00:00:00,0,0,00:00:00,1,Phone,1,,,,,,,,5982aae6-e3df-469e-ba57-064cb2bd71ce,,,,,,,,,,,,,,,,,,,,,10412000011708465180,user001@verintnew01.prodreleasev2.com,user001@verintnew01.prodreleasev2.com,,,,,,,,,,,,,,,,,,,,,,,,,,,,,,,,,,,,,,,,,,,,,,,,,,,,,,,,,,,,,,,,,,,,,,,,,,,,0
2024-02-20T22:33:45.55,CentralContact,00:00:35,00:00:34,00:00:00,1,0,0,4651389,708,55831793,708028,2024-02-20T21:33:45.55,2024022021334555105583179370881401,user001@verintnew01.prodreleasev2.com,2024-02-20T22:34:20.55,2024-02-20T22:33:45.55,9150931922550008141,34,2,+353894522990,35,0,1,2147483647,user001@verintnew01.prodreleasev2.com,0,2024-02-20T21:34:20.55,2024-02-20T21:33:45.55,0,0,0,0,0,0,0,,708001001,"user001, user001",0,,,,0,0,c88d44d5-4665-45a0-bf43-743c6a86936c,708000502,Verintnew01_PhoneDS_IKHHJK,00:00:00,0,0,00:00:00,1,Phone,1,,,,,,,,c88d44d5-4665-45a0-bf43-743c6a86936c,,,,,,,,,,,,,,,,,,,,,10412000001708464825,user001@verintnew01.prodreleasev2.com,user001@verintnew01.prodreleasev2.com,,,,,,,,,,,,,,,,,,,,,,,,,,,,,,,,,,,,,,,,,,,,,,,,,,,,,,,,,,,,,,,,,,,,,,,,,,,,0
2024-02-20T22:31:11.447,CentralContact,00:00:25,00:00:24,00:00:00,1,0,0,4651161,708,55831792,708028,2024-02-20T21:31:11.447,2024022021311144605583179270881401,+353894522990,2024-02-20T22:31:36.447,2024-02-20T22:31:11.447,9150931907140008141,24,1,+18022940681,25,0,1,2147483647,user001@verintnew01.prodreleasev2.com,0,2024-02-20T21:31:36.447,2024-02-20T21:31:11.447,0,0,0,0,0,0,0,,708001001,"user001, user001",0,,,,0,0,5bf5713b-6e4a-446f-a8b2-4cd5cb681eb4,708000502,Verintnew01_PhoneDS_IKHHJK,00:00:00,0,0,00:00:00,1,Phone,1,,,,,,,,5bf5713b-6e4a-446f-a8b2-4cd5cb681eb4,,,,,,,,,,,,,,,,,,,,,22983046661708464641,user001@verintnew01.prodreleasev2.com,user001@verintnew01.prodreleasev2.com,,,,,,,,,,,,,,Department.Support,,,,,,,,,,,,,,,,,,,,,,,,,,,,,,,,,,,,,,,,,,,,,,,,,,,,,,,,,,,,,,0
2024-02-12T15:18:52.897,CentralContact,00:00:26,00:00:26,00:00:00,1,0,0,3959478,708,86662009,708028,2024-02-12T14:18:52.897,2024021214185289508666200970878701,+35391733561,2024-02-12T15:19:18.897,2024-02-12T15:18:52.897,9150860193280007871,26,1,+18022940681,26,0,1,2147483647,user007@verintnew01.prodreleasev2.com,0,2024-02-12T14:19:18.897,2024-02-12T14:18:52.897,0,0,0,0,0,0,0,,708001007,"user007, user007",0,,,,0,0,7b8d0d00-381c-446a-a641-eafe53f5a088,708000502,Verintnew01_PhoneDS_IKHHJK,00:00:00,0,0,00:00:00,1,Phone,1,,,,,,,,7b8d0d00-381c-446a-a641-eafe53f5a088,,,,,,,,,,,,,,,,,,,,,20261287671707747497,user007@verintnew01.prodreleasev2.com,user007@verintnew01.prodreleasev2.com,,,,,,,,,,,,,,Department.Accounts,b4c28c2d-7e68-4d42-bd93-0295451cc9dd,,,,,,,,,,,,,,,,,,,,,,,,,,,,,,,,,,,,,,,,,,,,,,,,,,,,,,,,,,,,,0
2024-02-01T18:21:19.007,CentralContact,00:00:09,00:00:09,00:00:00,1,0,0,3303034,708,41936554,708028,2024-02-01T17:21:19.007,2024020117211900604193655470881401,+35391733561,2024-02-01T18:21:28.007,2024-02-01T18:21:19.007,9150766247900008141,9,1,+18022940681,9,0,1,2147483647,user007@verintnew01.prodreleasev2.com,0,2024-02-01T17:21:28.007,2024-02-01T17:21:19.007,0,0,0,0,0,0,0,,708001007,"user007, user007",0,,,,0,0,52083bf5-103c-4abb-b180-2ad8c3c501ba,708000502,Verintnew01_PhoneDS_IKHHJK,00:00:00,0,0,00:00:00,1,Phone,1,,,,,,,,52083bf5-103c-4abb-b180-2ad8c3c501ba,,,,,,,,,,,,,,,,,,,,,26987039581706808059,user007@verintnew01.prodreleasev2.com,user007@verintnew01.prodreleasev2.com,,,,,,,,,,,,,,Department.Accounts,,,,,,,,,,,,,,,,,,,,,,,,,,,,,,,,,,,,,,,,,,,,,,,,,,,,,,,,,,,,,,0
2024-01-31T08:16:51.16,CentralContact,00:00:47,00:00:46,00:00:00,1,0,0,3302954,708,26525028,708028,2024-01-31T07:16:51.16,2024013107165115102652502870878701,+35391733561,2024-01-31T08:17:38.16,2024-01-31T08:16:51.16,9150753981110007871,46,1,+18022940681,47,0,1,2147483647,user007@verintnew01.prodreleasev2.com,0,2024-01-31T07:17:38.16,2024-01-31T07:16:51.16,0,0,0,0,0,0,0,,708001007,"user007, user007",0,,,,0,0,1c330901-2802-4ef7-981b-c2f7d101b774,708000502,Verintnew01_PhoneDS_IKHHJK,00:00:00,0,0,00:00:00,1,Phone,1,,,,,,,,1c330901-2802-4ef7-981b-c2f7d101b774,,,,,,,,,,,,,,,,,,,,,06802080761706685380,user007@verintnew01.prodreleasev2.com,user007@verintnew01.prodreleasev2.com,,,,,,,,,,,,,,Department.Accounts,b4c28c2d-7e68-4d42-bd93-0295451cc9dd,,,,,,,,,,,,,,,,,,,,,,,,,,,,,,,,,,,,,,,,,,,,,,,,,,,,,,,,,,,,,0
2024-01-25T13:45:59.043,CentralContact,00:01:09,00:01:09,00:00:00,1,0,0,3280622,708,41936491,708028,2024-01-25T12:45:59.043,2024012512455904204193649170881401,+33241835140,2024-01-25T13:47:08.043,2024-01-25T13:45:59.043,9150704115900008141,69,1,+18022940681,69,0,1,2147483647,fredagent@verintnew01.prodreleasev2.com,0,2024-01-25T12:47:08.043,2024-01-25T12:45:59.043,0,0,0,0,0,0,0,,708007651,"agent, fred",0,,,,0,0,eb0075ce-7381-44e9-a163-61b32df0f9d6,708000502,Verintnew01_PhoneDS_IKHHJK,00:00:00,0,0,00:00:00,1,Phone,1,,,,,,,,eb0075ce-7381-44e9-a163-61b32df0f9d6,,,,,,,,,,,,,,,,,,,,,04344442971706186721,fredagent@verintnew01.prodreleasev2.com,fredagent@verintnew01.prodreleasev2.com,,,,,,,,,,,,,,Department.Sales,,,,,,,,,,,,,,,,,,,,,,,,,,,,,,,,,,,,,,,,,,,,,,,,,,,,,,,,,,,,,,0
2024-01-25T13:40:13.097,CentralContact,00:02:08,00:02:08,00:00:00,1,0,0,3280621,708,41936490,708028,2024-01-25T12:40:13.097,2024012512401309604193649070881401,+33241835140,2024-01-25T13:42:21.097,2024-01-25T13:40:13.097,9150704081300008141,128,1,+18022940681,128,0,1,2147483647,fredagent@verintnew01.prodreleasev2.com,0,2024-01-25T12:42:21.097,2024-01-25T12:40:13.097,0,0,0,0,0,0,0,,708007651,"agent, fred",0,,,,0,0,62e25ef9-9d67-4146-9c75-b700b8441a45,708000502,Verintnew01_PhoneDS_IKHHJK,00:00:00,0,0,00:00:00,1,Phone,1,,,,,,,,62e25ef9-9d67-4146-9c75-b700b8441a45,,,,,,,,,,,,,,,,,,,,,31025642901706186373,fredagent@verintnew01.prodreleasev2.com,fredagent@verintnew01.prodreleasev2.com,,,,,,,,,,,,,,Department.Support,,,,,,,,,,,,,,,,,,,,,,,,,,,,,,,,,,,,,,,,,,,,,,,,,,,,,,,,,,,,,,0
2024-01-24T16:56:28.983,CentralContact,00:00:05,00:00:05,00:00:00,1,0,0,3280620,708,26524976,708028,2024-01-24T15:56:28.983,2024012415562898302652497670878701,+35391733561,2024-01-24T16:56:33.983,2024-01-24T16:56:28.983,9150696618890007871,5,1,+18022940681,5,0,1,2147483647,user007@verintnew01.prodreleasev2.com,0,2024-01-24T15:56:33.983,2024-01-24T15:56:28.983,0,0,0,0,0,0,0,,708001007,"user007, user007",0,,,,0,0,ab3da06c-33f7-4376-a0d0-089db7fd18e1,708000502,Verintnew01_PhoneDS_IKHHJK,00:00:00,0,0,00:00:00,1,Phone,1,,,,,,,,ab3da06c-33f7-4376-a0d0-089db7fd18e1,,,,,,,,,,,,,,,,,,,,,04344337631706111770,user007@verintnew01.prodreleasev2.com,user007@verintnew01.prodreleasev2.com,,,,,,,,,,,,,,Department.Accounts,b4c28c2d-7e68-4d42-bd93-0295451cc9dd,,,,,,,,,,,,,,,,,,,,,,,,,,,,,,,,,,,,,,,,,,,,,,,,,,,,,,,,,,,,,0
2024-01-24T16:55:57.15,CentralContact,00:00:05,00:00:05,00:00:00,1,0,0,3280619,708,26524975,708027,2024-01-24T15:55:57.15,2024012415555714902652497570878701,+35391733561,2024-01-24T16:56:02.15,2024-01-24T16:55:57.15,9150696615710007871,5,1,+18022940681,5,0,1,2147483647,user007@verintnew01.prodreleasev2.com,0,2024-01-24T15:56:02.15,2024-01-24T15:55:57.15,0,0,0,0,0,0,0,,708001007,"user007, user007",0,,,,0,0,c8147e17-eac3-482a-8999-ea3ad665de46,708000502,Verintnew01_PhoneDS_IKHHJK,00:00:00,0,0,00:00:00,1,Phone,1,,,,,,,,c8147e17-eac3-482a-8999-ea3ad665de46,,,,,,,,,,,,,,,,,,,,,04344337461706111739,user007@verintnew01.prodreleasev2.com,user007@verintnew01.prodreleasev2.com,,,,,,,,,,,,,,Department.Accounts,b4c28c2d-7e68-4d42-bd93-0295451cc9dd,,,,,,,,,,,,,,,,,,,,,,,,,,,,,,,,,,,,,,,,,,,,,,,,,,,,,,,,,,,,,0
2024-01-24T16:55:18.883,CentralContact,00:00:07,00:00:07,00:00:00,1,0,0,3280618,708,26524974,708027,2024-01-24T15:55:18.883,2024012415551888402652497470878701,+35391733561,2024-01-24T16:55:25.883,2024-01-24T16:55:18.883,9150696611880007871,7,1,+18022940681,7,0,1,2147483647,user007@verintnew01.prodreleasev2.com,0,2024-01-24T15:55:25.883,2024-01-24T15:55:18.883,0,0,0,0,0,0,0,,708001007,"user007, user007",0,,,,0,0,5da8b529-6f3a-4e71-8b5b-7eb55f50e8f7,708000502,Verintnew01_PhoneDS_IKHHJK,00:00:00,0,0,00:00:00,1,Phone,1,,,,,,,,5da8b529-6f3a-4e71-8b5b-7eb55f50e8f7,,,,,,,,,,,,,,,,,,,,,31025466671706111703,user007@verintnew01.prodreleasev2.com,user007@verintnew01.prodreleasev2.com,,,,,,,,,,,,,,Department.Accounts,b4c28c2d-7e68-4d42-bd93-0295451cc9dd,,,,,,,,,,,,,,,,,,,,,,,,,,,,,,,,,,,,,,,,,,,,,,,,,,,,,,,,,,,,,0
2024-01-24T16:54:32.877,CentralContact,00:00:07,00:00:07,00:00:00,1,0,0,3280617,708,26524973,708028,2024-01-24T15:54:32.877,2024012415543287502652497370878701,+35391733561,2024-01-24T16:54:39.877,2024-01-24T16:54:32.877,9150696607280007871,7,1,+18022940681,7,0,1,2147483647,user007@verintnew01.prodreleasev2.com,0,2024-01-24T15:54:39.877,2024-01-24T15:54:32.877,0,0,0,0,0,0,0,,708001007,"user007, user007",0,,,,0,0,b124f493-efa2-471f-a2dc-d3fdf412c284,708000502,Verintnew01_PhoneDS_IKHHJK,00:00:00,0,0,00:00:00,1,Phone,1,,,,,,,,b124f493-efa2-471f-a2dc-d3fdf412c284,,,,,,,,,,,,,,,,,,,,,31025466391706111657,user007@verintnew01.prodreleasev2.com,user007@verintnew01.prodreleasev2.com,,,,,,,,,,,,,,Department.Accounts,b4c28c2d-7e68-4d42-bd93-0295451cc9dd,,,,,,,,,,,,,,,,,,,,,,,,,,,,,,,,,,,,,,,,,,,,,,,,,,,,,,,,,,,,,0
2024-01-24T16:53:52.913,CentralContact,00:00:06,00:00:05,00:00:00,1,0,0,3280616,708,26524972,708028,2024-01-24T15:53:52.913,2024012415535291402652497270878701,+35391733561,2024-01-24T16:53:58.913,2024-01-24T16:53:52.913,9150696603290007871,5,1,+18022940681,6,0,1,2147483647,user007@verintnew01.prodreleasev2.com,0,2024-01-24T15:53:58.913,2024-01-24T15:53:52.913,0,0,0,0,0,0,0,,708001007,"user007, user007",0,,,,0,0,7826067b-c535-4d14-94c7-3ee09dba02b6,708000502,Verintnew01_PhoneDS_IKHHJK,00:00:00,0,0,00:00:00,1,Phone,1,,,,,,,,7826067b-c535-4d14-94c7-3ee09dba02b6,,,,,,,,,,,,,,,,,,,,,31025466091706111614,user007@verintnew01.prodreleasev2.com,user007@verintnew01.prodreleasev2.com,,,,,,,,,,,,,,Department.Accounts,b4c28c2d-7e68-4d42-bd93-0295451cc9dd,,,,,,,,,,,,,,,,,,,,,,,,,,,,,,,,,,,,,,,,,,,,,,,,,,,,,,,,,,,,,0
2024-01-24T16:53:23.013,CentralContact,00:00:09,00:00:09,00:00:00,1,0,0,3280615,708,26524971,708027,2024-01-24T15:53:23.013,2024012415532301402652497170878701,+35391733561,2024-01-24T16:53:32.013,2024-01-24T16:53:23.013,9150696600300007871,9,1,+18022940681,9,0,1,2147483647,user007@verintnew01.prodreleasev2.com,0,2024-01-24T15:53:32.013,2024-01-24T15:53:23.013,0,0,0,0,0,0,0,,708001007,"user007, user007",0,,,,0,0,73b42908-d65a-4717-9e2a-349d71449593,708000502,Verintnew01_PhoneDS_IKHHJK,00:00:00,0,0,00:00:00,1,Phone,1,,,,,,,,73b42908-d65a-4717-9e2a-349d71449593,,,,,,,,,,,,,,,,,,,,,04344336951706111584,user007@verintnew01.prodreleasev2.com,user007@verintnew01.prodreleasev2.com,,,,,,,,,,,,,,Department.Accounts,b4c28c2d-7e68-4d42-bd93-0295451cc9dd,,,,,,,,,,,,,,,,,,,,,,,,,,,,,,,,,,,,,,,,,,,,,,,,,,,,,,,,,,,,,0
2024-01-24T16:52:42.917,CentralContact,00:00:09,00:00:08,00:00:00,1,0,0,3280614,708,26524970,708028,2024-01-24T15:52:42.917,2024012415524291702652497070878701,+35391733561,2024-01-24T16:52:51.917,2024-01-24T16:52:42.917,9150696596290007871,8,1,+18022940681,9,0,1,2147483647,user007@verintnew01.prodreleasev2.com,0,2024-01-24T15:52:51.917,2024-01-24T15:52:42.917,0,0,0,0,0,0,0,,708001007,"user007, user007",0,,,,0,0,109551de-c9ae-4ad7-9342-7d2ccb2af64a,708000502,Verintnew01_PhoneDS_IKHHJK,00:00:00,0,0,00:00:00,1,Phone,1,,,,,,,,109551de-c9ae-4ad7-9342-7d2ccb2af64a,,,,,,,,,,,,,,,,,,,,,04344336801706111543,user007@verintnew01.prodreleasev2.com,user007@verintnew01.prodreleasev2.com,,,,,,,,,,,,,,Department.Accounts,b4c28c2d-7e68-4d42-bd93-0295451cc9dd,,,,,,,,,,,,,,,,,,,,,,,,,,,,,,,,,,,,,,,,,,,,,,,,,,,,,,,,,,,,,0
2024-01-24T16:51:53.087,CentralContact,00:00:08,00:00:07,00:00:00,1,0,0,3280613,708,26524969,708027,2024-01-24T15:51:53.087,2024012415515308702652496970878701,+35391733561,2024-01-24T16:52:01.087,2024-01-24T16:51:53.087,9150696591300007871,7,1,+18022940681,8,0,1,2147483647,user007@verintnew01.prodreleasev2.com,0,2024-01-24T15:52:01.087,2024-01-24T15:51:53.087,0,0,0,0,0,0,0,,708001007,"user007, user007",0,,,,0,0,1fac8078-3141-4b0f-a56f-99a4efeff5e5,708000502,Verintnew01_PhoneDS_IKHHJK,00:00:00,0,0,00:00:00,1,Phone,1,,,,,,,,1fac8078-3141-4b0f-a56f-99a4efeff5e5,,,,,,,,,,,,,,,,,,,,,31025465521706111496,user007@verintnew01.prodreleasev2.com,user007@verintnew01.prodreleasev2.com,,,,,,,,,,,,,,Department.Accounts,b4c28c2d-7e68-4d42-bd93-0295451cc9dd,,,,,,,,,,,,,,,,,,,,,,,,,,,,,,,,,,,,,,,,,,,,,,,,,,,,,,,,,,,,,0
2024-01-24T16:51:26.09,CentralContact,00:00:08,00:00:07,00:00:00,1,0,0,3280612,708,26524968,708027,2024-01-24T15:51:26.09,2024012415512609102652496870878701,+35391733561,2024-01-24T16:51:34.09,2024-01-24T16:51:26.09,9150696588600007871,7,1,+18022940681,8,0,1,2147483647,user007@verintnew01.prodreleasev2.com,0,2024-01-24T15:51:34.09,2024-01-24T15:51:26.09,0,0,0,0,0,0,0,,708001007,"user007, user007",0,,,,0,0,1a104795-e9d8-4987-abca-32e4048da3a4,708000502,Verintnew01_PhoneDS_IKHHJK,00:00:00,0,0,00:00:00,1,Phone,1,,,,,,,,1a104795-e9d8-4987-abca-32e4048da3a4,,,,,,,,,,,,,,,,,,,,,04344336591706111467,user007@verintnew01.prodreleasev2.com,user007@verintnew01.prodreleasev2.com,,,,,,,,,,,,,,Department.Accounts,b4c28c2d-7e68-4d42-bd93-0295451cc9dd,,,,,,,,,,,,,,,,,,,,,,,,,,,,,,,,,,,,,,,,,,,,,,,,,,,,,,,,,,,,,0
2024-01-24T16:50:40.153,CentralContact,00:00:08,00:00:08,00:00:00,1,0,0,3280611,708,26524967,708028,2024-01-24T15:50:40.153,2024012415504015202652496770878701,+35391733561,2024-01-24T16:50:48.153,2024-01-24T16:50:40.153,9150696584010007871,8,1,+18022940681,8,0,1,2147483647,user007@verintnew01.prodreleasev2.com,0,2024-01-24T15:50:48.153,2024-01-24T15:50:40.153,0,0,0,0,0,0,0,,708001007,"user007, user007",0,,,,0,0,69505de0-cf07-4ec6-8b78-14999994e7f4,708000502,Verintnew01_PhoneDS_IKHHJK,00:00:00,0,0,00:00:00,1,Phone,1,,,,,,,,69505de0-cf07-4ec6-8b78-14999994e7f4,,,,,,,,,,,,,,,,,,,,,31025465131706111422,user007@verintnew01.prodreleasev2.com,user007@verintnew01.prodreleasev2.com,,,,,,,,,,,,,,Department.Accounts,b4c28c2d-7e68-4d42-bd93-0295451cc9dd,,,,,,,,,,,,,,,,,,,,,,,,,,,,,,,,,,,,,,,,,,,,,,,,,,,,,,,,,,,,,0
2024-01-18T18:06:43.757,CentralContact,00:00:12,00:00:11,00:00:00,1,0,0,2964512,708,26524853,708027,2024-01-18T17:06:43.757,2024011817064375602652485370878701,+35391733561,2024-01-18T18:06:55.757,2024-01-18T18:06:43.757,9150645200370007871,11,1,+18022940681,12,0,1,2147483647,user007@verintnew01.prodreleasev2.com,0,2024-01-18T17:06:55.757,2024-01-18T17:06:43.757,0,0,0,0,0,0,0,,708001007,"user007, user007",0,,,,0,0,b12d3767-501d-4438-9d16-9a983ca26f15,708000502,Verintnew01_PhoneDS_IKHHJK,00:00:00,0,0,00:00:00,1,Phone,1,,,,,,,,b12d3767-501d-4438-9d16-9a983ca26f15,,,,,,,,,,,,,,,,,,,,,31025640141705597582,user007@verintnew01.prodreleasev2.com,user007@verintnew01.prodreleasev2.com,,,,,,,,,,,,,,Department.Accounts,b4c28c2d-7e68-4d42-bd93-0295451cc9dd,,,,,,,,,,,,,,,,,,,,,,,,,,,,,,,,,,,,,,,,,,,,,,,,,,,,,,,,,,,,,0
2024-01-18T18:05:48.217,CentralContact,00:00:09,00:00:08,00:00:00,1,0,0,2964511,708,26524852,708027,2024-01-18T17:05:48.217,2024011817054821502652485270878701,+35391733561,2024-01-18T18:05:57.217,2024-01-18T18:05:48.217,9150645194820007871,8,1,+18022940681,9,0,1,2147483647,user007@verintnew01.prodreleasev2.com,0,2024-01-18T17:05:57.217,2024-01-18T17:05:48.217,0,0,0,0,0,0,0,,708001007,"user007, user007",0,,,,0,0,8730ed12-ead5-4200-ab8a-90a14dacad73,708000502,Verintnew01_PhoneDS_IKHHJK,00:00:00,0,0,00:00:00,1,Phone,1,,,,,,,,8730ed12-ead5-4200-ab8a-90a14dacad73,,,,,,,,,,,,,,,,,,,,,31025639831705597525,user007@verintnew01.prodreleasev2.com,user007@verintnew01.prodreleasev2.com,,,,,,,,,,,,,,Department.Accounts,b4c28c2d-7e68-4d42-bd93-0295451cc9dd,,,,,,,,,,,,,,,,,,,,,,,,,,,,,,,,,,,,,,,,,,,,,,,,,,,,,,,,,,,,,0
2024-01-18T18:05:07.143,CentralContact,00:00:09,00:00:09,00:00:00,1,0,0,2964510,708,26524851,708027,2024-01-18T17:05:07.143,2024011817050714202652485170878701,+35391733561,2024-01-18T18:05:16.143,2024-01-18T18:05:07.143,9150645190710007871,9,1,+18022940681,9,0,1,2147483647,user007@verintnew01.prodreleasev2.com,0,2024-01-18T17:05:16.143,2024-01-18T17:05:07.143,0,0,0,0,0,0,0,,708001007,"user007, user007",0,,,,0,0,2af8822a-ff82-4fcd-ac81-de877086912b,708000502,Verintnew01_PhoneDS_IKHHJK,00:00:00,0,0,00:00:00,1,Phone,1,,,,,,,,2af8822a-ff82-4fcd-ac81-de877086912b,,,,,,,,,,,,,,,,,,,,,31025639581705597484,user007@verintnew01.prodreleasev2.com,user007@verintnew01.prodreleasev2.com,,,,,,,,,,,,,,Department.Accounts,b4c28c2d-7e68-4d42-bd93-0295451cc9dd,,,,,,,,,,,,,,,,,,,,,,,,,,,,,,,,,,,,,,,,,,,,,,,,,,,,,,,,,,,,,0
2024-01-18T18:04:20.717,CentralContact,00:00:11,00:00:42,00:00:00,1,0,0,2964509,708,26524850,708027,2024-01-18T17:04:20.717,2024011817042071602652485070878701,+35391733561,2024-01-18T18:04:31.717,2024-01-18T18:04:20.717,9150645182880007871,42,1,+18022940681,11,0,1,2147483647,user007@verintnew01.prodreleasev2.com,0,2024-01-18T17:04:31.717,2024-01-18T17:04:20.717,0,0,0,0,0,0,0,,708001007,"user007, user007",0,,,,0,0,5121178c-989b-494b-be1f-24235b6bad03,708000502,Verintnew01_PhoneDS_IKHHJK,00:00:00,0,0,00:00:00,1,Phone,1,,,,,,,,5121178c-989b-494b-be1f-24235b6bad03,,,,,,,,,,,,,,,,,,,,,31025639151705597410,user007@verintnew01.prodreleasev2.com,user007@verintnew01.prodreleasev2.com,,,,,,,,,,,,,,Department.Accounts,b4c28c2d-7e68-4d42-bd93-0295451cc9dd,,,,,,,,,,,,,,,,,,,,,,,,,,,,,,,,,,,,,,,,,,,,,,,,,,,,,,,,,,,,,0
2024-01-18T14:42:39.33,CentralContact,00:00:30,00:00:30,00:00:00,1,0,0,2964504,708,26524837,708028,2024-01-18T13:42:39.33,2024011813423932902652483770878701,+13612388224,2024-01-18T14:43:09.33,2024-01-18T14:42:39.33,9150643975930007871,30,1,+18022940681,30,0,1,2147483647,cristear@verintnew01.prodreleasev2.com,0,2024-01-18T13:43:09.33,2024-01-18T13:42:39.33,0,0,0,0,0,0,0,,708006002,"Cristea, Radu (Agent)",0,,,,0,0,a93c66f2-1840-4843-a031-483926e9fcaa,708000502,Verintnew01_PhoneDS_IKHHJK,00:00:00,0,0,00:00:00,1,Phone,1,,,,,,,,a93c66f2-1840-4843-a031-483926e9fcaa,,,,,,,,,,,,,,,,,,,,,04344368171705585341,cristear@verintnew01.prodreleasev2.com,cristear@verintnew01.prodreleasev2.com,,,,,,,,,,,,,,Department.Support,b4c28c2d-7e68-4d42-bd93-0295451cc9dd,,,,,,,,,,,,,,,,,,,,,,,,,,,,,,,,,,,,,,,,,,,,,,,,,,,,,,,,,,,,,0
2024-01-18T13:52:53.873,CentralContact,00:00:29,00:00:28,00:00:00,1,0,0,2964503,708,26524836,708028,2024-01-18T12:52:53.873,2024011812525387202652483670878701,+3612388224,2024-01-18T13:53:22.873,2024-01-18T13:52:53.873,9150643677380007871,28,1,+18022940681,29,0,1,2147483647,cristear@verintnew01.prodreleasev2.com,0,2024-01-18T12:53:22.873,2024-01-18T12:52:53.873,0,0,0,0,0,0,0,,708006002,"Cristea, Radu (Agent)",0,,,,0,0,c35e8d7e-c809-4202-950b-ff51435bc9d1,708000502,Verintnew01_PhoneDS_IKHHJK,00:00:00,0,0,00:00:00,1,Phone,1,,,,,,,,c35e8d7e-c809-4202-950b-ff51435bc9d1,,,,,,,,,,,,,,,,,,,,,31025586571705582351,cristear@verintnew01.prodreleasev2.com,cristear@verintnew01.prodreleasev2.com,,,,,,,,,,,,,,Department.Support,Voice,,,,,,,,,,,,,,,,,,,,,,,,,,,,,,,,,,,,,,,,,,,,,,,,,,,,,,,,,,,,,0
2024-01-18T13:39:44.033,CentralContact,00:00:33,00:00:33,00:00:00,1,0,0,2964502,708,26524835,708028,2024-01-18T12:39:44.033,2024011812394403202652483570878701,+3612388224,2024-01-18T13:40:17.033,2024-01-18T13:39:44.033,9150643598400007871,33,1,+18022940681,33,0,1,2147483647,cristear@verintnew01.prodreleasev2.com,0,2024-01-18T12:40:17.033,2024-01-18T12:39:44.033,0,0,0,0,0,0,0,,708006002,"Cristea, Radu (Agent)",0,,,,0,0,0aeedf4a-42c5-4b68-9ce4-d2c11f53d7c8,708000502,Verintnew01_PhoneDS_IKHHJK,00:00:00,0,0,00:00:00,1,Phone,1,,,,,,,,0aeedf4a-42c5-4b68-9ce4-d2c11f53d7c8,,,,,,,,,,,,,,,,,,,,,31025586151705581560,cristear@verintnew01.prodreleasev2.com,cristear@verintnew01.prodreleasev2.com,,,,,,,,,,,,,,Department.Support,Default,,,,,,,,,,,,,,,,,,,,,,,,,,,,,,,,,,,,,,,,,,,,,,,,,,,,,,,,,,,,,0
2024-01-18T11:42:06.89,CentralContact,00:00:51,00:00:50,00:00:00,1,0,0,2964497,708,26524828,708027,2024-01-18T10:42:06.89,2024011810420689002652482870878701,+3612388224,2024-01-18T11:42:57.89,2024-01-18T11:42:06.89,9150642892680007871,50,1,+18022940681,51,0,1,2147483647,cristear@verintnew01.prodreleasev2.com,0,2024-01-18T10:42:57.89,2024-01-18T10:42:06.89,0,0,0,0,0,0,0,,708006002,"Cristea, Radu (Agent)",0,,,,0,0,86d208dd-ed5d-46c1-8e0c-dae02e28c2da,708000502,Verintnew01_PhoneDS_IKHHJK,00:00:00,0,0,00:00:00,1,Phone,1,,,,,,,,86d208dd-ed5d-46c1-8e0c-dae02e28c2da,,,,,,,,,,,,,,,,,,,,,31025584921705574499,cristear@verintnew01.prodreleasev2.com,cristear@verintnew01.prodreleasev2.com,,,,,,,,,,,,,,Department.Accounts,,,,,,,,,,,,,,,,,,,,,,,,,,,,,,,,,,,,,,,,,,,,,,,,,,,,,,,,,,,,,,0
2024-01-18T11:31:54.343,CentralContact,00:00:27,00:00:26,00:00:00,1,0,0,2964496,708,26524827,708028,2024-01-18T10:31:54.343,2024011810315434302652482770878701,+3612388224,2024-01-18T11:32:21.343,2024-01-18T11:31:54.343,9150642831430007871,26,1,+18022940681,27,0,1,2147483647,cristear@verintnew01.prodreleasev2.com,0,2024-01-18T10:32:21.343,2024-01-18T10:31:54.343,0,0,0,0,0,0,0,,708006002,"Cristea, Radu (Agent)",0,,,,0,0,13d5d0a6-519f-4404-9e46-59513a4d7ad0,708000502,Verintnew01_PhoneDS_IKHHJK,00:00:00,0,0,00:00:00,1,Phone,1,,,,,,,,13d5d0a6-519f-4404-9e46-59513a4d7ad0,,,,,,,,,,,,,,,,,,,,,04344366451705573875,cristear@verintnew01.prodreleasev2.com,cristear@verintnew01.prodreleasev2.com,,,,,,,,,,,,,,Department.Sales,,,,,,,,,,,,,,,,,,,,,,,,,,,,,,,,,,,,,,,,,,,,,,,,,,,,,,,,,,,,,,0
2024-01-18T11:17:02.297,CentralContact,00:00:51,00:00:50,00:00:00,1,0,0,2964495,708,26524826,708028,2024-01-18T10:17:02.297,2024011810170229602652482670878701,+3612388224,2024-01-18T11:17:53.297,2024-01-18T11:17:02.297,9150642742220007871,50,1,+18022940681,51,0,1,2147483647,cristear@verintnew01.prodreleasev2.com,0,2024-01-18T10:17:53.297,2024-01-18T10:17:02.297,0,0,0,0,0,0,0,,708006002,"Cristea, Radu (Agent)",0,,,,0,0,0c69e839-a390-41bd-8bc0-c0fa59e4dec1,708000502,Verintnew01_PhoneDS_IKHHJK,00:00:00,0,0,00:00:00,1,Phone,1,,,,,,,,0c69e839-a390-41bd-8bc0-c0fa59e4dec1,,,,,,,,,,,,,,,,,,,,,04344366371705572961,cristear@verintnew01.prodreleasev2.com,cristear@verintnew01.prodreleasev2.com,,,,,,,,,,,,,,Department.Accounts,,,,,,,,,,,,,,,,,,,,,,,,,,,,,,,,,,,,,,,,,,,,,,,,,,,,,,,,,,,,,,0
2024-01-18T11:08:47.983,CentralContact,00:00:49,00:00:48,00:00:00,1,0,0,2964494,708,26524825,708027,2024-01-18T10:08:47.983,2024011810084798302652482570878701,+3612388224,2024-01-18T11:09:36.983,2024-01-18T11:08:47.983,9150642692790007871,48,1,+18022940681,49,0,1,2147483647,cristear@verintnew01.prodreleasev2.com,0,2024-01-18T10:09:36.983,2024-01-18T10:08:47.983,0,0,0,0,0,0,0,,708006002,"Cristea, Radu (Agent)",0,,,,0,0,143df359-7f7e-4532-9c4c-06ecead50515,708000502,Verintnew01_PhoneDS_IKHHJK,00:00:00,0,0,00:00:00,1,Phone,1,,,,,,,,143df359-7f7e-4532-9c4c-06ecead50515,,,,,,,,,,,,,,,,,,,,,04344366301705572490,cristear@verintnew01.prodreleasev2.com,cristear@verintnew01.prodreleasev2.com,,,,,,,,,,,,,,Department.Support,,,,,,,,,,,,,,,,,,,,,,,,,,,,,,,,,,,,,,,,,,,,,,,,,,,,,,,,,,,,,,0
2024-01-18T09:56:59.17,CentralContact,00:00:07,00:00:06,00:00:00,1,0,0,2964486,708,41936337,708027,2024-01-18T08:56:59.17,2024011808565917104193633770881401,+35391733561,2024-01-18T09:57:06.17,2024-01-18T09:56:59.17,9150642261910008141,6,1,+18022940681,7,0,1,2147483647,user007@verintnew01.prodreleasev2.com,0,2024-01-18T08:57:06.17,2024-01-18T08:56:59.17,0,0,0,0,0,0,0,,708001007,"user007, user007",0,,,,0,0,a5459e8e-8875-44dd-a5ef-0cc3ba749e62,708000502,Verintnew01_PhoneDS_IKHHJK,00:00:00,0,0,00:00:00,1,Phone,1,,,,,,,,a5459e8e-8875-44dd-a5ef-0cc3ba749e62,,,,,,,,,,,,,,,,,,,,,31025584301705568199,user007@verintnew01.prodreleasev2.com,user007@verintnew01.prodreleasev2.com,,,,,,,,,,,,,,Department.Accounts,,,,,,,,,,,,,,,,,,,,,,,,,,,,,,,,,,,,,,,,,,,,,,,,,,,,,,,,,,,,,,0
2024-01-18T09:56:23.177,CentralContact,00:00:10,00:00:09,00:00:00,1,0,0,2964485,708,41936336,708028,2024-01-18T08:56:23.177,2024011808562317504193633670881401,+35391733561,2024-01-18T09:56:33.177,2024-01-18T09:56:23.177,9150642258310008141,9,1,+18022940681,10,0,1,2147483647,user007@verintnew01.prodreleasev2.com,0,2024-01-18T08:56:33.177,2024-01-18T08:56:23.177,0,0,0,0,0,0,0,,708001007,"user007, user007",0,,,,0,0,c3f77329-01bc-46ac-b33a-1af5ee30eca5,708000502,Verintnew01_PhoneDS_IKHHJK,00:00:00,0,0,00:00:00,1,Phone,1,,,,,,,,c3f77329-01bc-46ac-b33a-1af5ee30eca5,,,,,,,,,,,,,,,,,,,,,31025584281705568163,user007@verintnew01.prodreleasev2.com,user007@verintnew01.prodreleasev2.com,,,,,,,,,,,,,,Department.Accounts,,,,,,,,,,,,,,,,,,,,,,,,,,,,,,,,,,,,,,,,,,,,,,,,,,,,,,,,,,,,,,0
2024-01-18T09:55:44.977,CentralContact,00:00:09,00:00:08,00:00:00,1,0,0,2964484,708,41936335,708028,2024-01-18T08:55:44.977,2024011808554497604193633570881401,+35391733561,2024-01-18T09:55:53.977,2024-01-18T09:55:44.977,9150642254490008141,8,1,+18022940681,9,0,1,2147483647,user007@verintnew01.prodreleasev2.com,0,2024-01-18T08:55:53.977,2024-01-18T08:55:44.977,0,0,0,0,0,0,0,,708001007,"user007, user007",0,,,,0,0,7c3f44c3-0dfe-453d-8ee8-5a70e0d66a8b,708000502,Verintnew01_PhoneDS_IKHHJK,00:00:00,0,0,00:00:00,1,Phone,1,,,,,,,,7c3f44c3-0dfe-453d-8ee8-5a70e0d66a8b,,,,,,,,,,,,,,,,,,,,,31025584271705568120,user007@verintnew01.prodreleasev2.com,user007@verintnew01.prodreleasev2.com,,,,,,,,,,,,,,Department.Accounts,,,,,,,,,,,,,,,,,,,,,,,,,,,,,,,,,,,,,,,,,,,,,,,,,,,,,,,,,,,,,,0
2024-01-18T09:55:00.273,CentralContact,00:00:11,00:00:10,00:00:00,1,0,0,2964483,708,41936334,708027,2024-01-18T08:55:00.273,2024011808550027304193633470881401,+35391733561,2024-01-18T09:55:11.273,2024-01-18T09:55:00.273,9150642250020008141,10,1,+18022940681,11,0,1,2147483647,user007@verintnew01.prodreleasev2.com,0,2024-01-18T08:55:11.273,2024-01-18T08:55:00.273,0,0,0,0,0,0,0,,708001007,"user007, user007",0,,,,0,0,87581aae-3188-40c4-9a0a-e06ed0970395,708000502,Verintnew01_PhoneDS_IKHHJK,00:00:00,0,0,00:00:00,1,Phone,1,,,,,,,,87581aae-3188-40c4-9a0a-e06ed0970395,,,,,,,,,,,,,,,,,,,,,31025584261705568079,user007@verintnew01.prodreleasev2.com,user007@verintnew01.prodreleasev2.com,,,,,,,,,,,,,,Department.Accounts,,,,,,,,,,,,,,,,,,,,,,,,,,,,,,,,,,,,,,,,,,,,,,,,,,,,,,,,,,,,,,0
2024-01-16T13:19:08.117,CentralContact,00:00:10,00:00:09,00:00:00,1,0,0,2741194,708,26524771,708028,2024-01-16T12:19:08.117,2024011612190811502652477170878701,+35391733561,2024-01-16T13:19:18.117,2024-01-16T13:19:08.117,9150626194810007871,9,1,+18022940681,10,0,1,2147483647,user007@verintnew01.prodreleasev2.com,0,2024-01-16T12:19:18.117,2024-01-16T12:19:08.117,0,0,0,0,0,0,0,,708001007,"user007, user007",0,,,,0,0,368eeabc-fd2c-456c-aca7-666e08217421,708000502,Verintnew01_PhoneDS_IKHHJK,00:00:00,0,0,00:00:00,1,Phone,1,,,,,,,,368eeabc-fd2c-456c-aca7-666e08217421,,,,,,,,,,,,,,,,,,,,,01812078131705407526,user007@verintnew01.prodreleasev2.com,user007@verintnew01.prodreleasev2.com,,,,,,,,,,,,,,,,,,,,,,,,,,,,,,,,,,,,,,,,,,,,,,,,,,,,,,,,,,,,,,,,,,,,,,,,,,,,0
2024-01-16T13:18:30.12,CentralContact,00:00:10,00:00:10,00:00:00,1,0,0,2741151,708,26524770,708028,2024-01-16T12:18:30.12,2024011612183011902652477070878701,+35391733561,2024-01-16T13:18:40.12,2024-01-16T13:18:30.12,9150626191010007871,10,1,+18022940681,10,0,1,2147483647,user007@verintnew01.prodreleasev2.com,0,2024-01-16T12:18:40.12,2024-01-16T12:18:30.12,0,0,0,0,0,0,0,,708001007,"user007, user007",0,,,,0,0,c6ac7200-4100-408a-a754-0ce1da7063aa,708000502,Verintnew01_PhoneDS_IKHHJK,00:00:00,0,0,00:00:00,1,Phone,1,,,,,,,,c6ac7200-4100-408a-a754-0ce1da7063aa,,,,,,,,,,,,,,,,,,,,,12945092941705407485,user007@verintnew01.prodreleasev2.com,user007@verintnew01.prodreleasev2.com,,,,,,,,,,,,,,,,,,,,,,,,,,,,,,,,,,,,,,,,,,,,,,,,,,,,,,,,,,,,,,,,,,,,,,,,,,,,0
2024-01-16T13:17:43.197,CentralContact,00:00:09,00:00:09,00:00:00,1,0,0,2741085,708,26524769,708027,2024-01-16T12:17:43.197,2024011612174319502652476970878701,+35391733561,2024-01-16T13:17:52.197,2024-01-16T13:17:43.197,9150626186310007871,9,1,+18022940681,9,0,1,2147483647,user007@verintnew01.prodreleasev2.com,0,2024-01-16T12:17:52.197,2024-01-16T12:17:43.197,0,0,0,0,0,0,0,,708001007,"user007, user007",0,,,,0,0,c60f101a-cc2c-494e-9ff0-153e1826162a,708000502,Verintnew01_PhoneDS_IKHHJK,00:00:00,0,0,00:00:00,1,Phone,1,,,,,,,,c60f101a-cc2c-494e-9ff0-153e1826162a,,,,,,,,,,,,,,,,,,,,,01812078111705407441,user007@verintnew01.prodreleasev2.com,user007@verintnew01.prodreleasev2.com,,,,,,,,,,,,,,,,,,,,,,,,,,,,,,,,,,,,,,,,,,,,,,,,,,,,,,,,,,,,,,,,,,,,,,,,,,,,0
2024-01-12T09:02:29.987,CentralContact,00:00:44,00:00:43,00:00:11,1,0,0,2642058,708,26524747,708027,2024-01-12T08:02:29.987,2024011208022998602652474770878701,+35391733561,2024-01-12T09:03:13.987,2024-01-12T09:02:29.987,9150590094990007871,43,1,+18022940681,44,0,1,2147483647,user007@verintnew01.prodreleasev2.com,0,2024-01-12T08:03:13.987,2024-01-12T08:02:29.987,0,1,0,0,0,1,11,,708001007,"user007, user007",0,,,,0,0,c982dd58-c936-4257-acec-ca1955e13dc8,708000502,Verintnew01_PhoneDS_IKHHJK,00:00:11,11,0,00:00:00,1,Phone,1,,,,,,,,c982dd58-c936-4257-acec-ca1955e13dc8,,,,,,,,,,,,,,,,,,,,,01812137961705046363,user007@verintnew01.prodreleasev2.com,user007@verintnew01.prodreleasev2.com,,,,,,,,,,,,,,,,,,,,,,,,,,,,,,,,,,,,,,,,,,,,,,,,,,,,,,,,,,,,,,,,,,,,,,,,,,,,0
2024-01-11T17:25:14.317,CentralContact,00:00:48,00:00:48,00:00:11,1,0,0,2639190,708,26524746,708027,2024-01-11T16:25:14.317,2024011116251431602652474670878701,+35391733561,2024-01-11T17:26:02.317,2024-01-11T17:25:14.317,9150584471430007871,48,1,+18022940681,48,0,1,2147483647,user007@verintnew01.prodreleasev2.com,0,2024-01-11T16:26:02.317,2024-01-11T16:25:14.317,0,1,0,0,0,1,11,,708001007,"user007, user007",0,,,,0,0,947a1207-5f32-44c1-bf5c-51b06501631c,708000502,Verintnew01_PhoneDS_IKHHJK,00:00:11,11,0,00:00:00,1,Phone,1,,,,,,,,947a1207-5f32-44c1-bf5c-51b06501631c,,,,,,,,,,,,,,,,,,,,,01812621781704990292,user007@verintnew01.prodreleasev2.com,user007@verintnew01.prodreleasev2.com,,,,,,,,,,,,,,,,,,,,,,,,,,,,,,,,,,,,,,,,,,,,,,,,,,,,,,,,,,,,,,,,,,,,,,,,,,,,0
2024-01-11T17:10:45.7,CentralContact,00:00:38,00:00:38,00:00:11,1,0,0,2639189,708,26524740,708028,2024-01-11T16:10:45.7,2024011116104570102652474070878701,+35391733561,2024-01-11T17:11:23.7,2024-01-11T17:10:45.7,9150584384570007871,38,1,+18022940681,38,0,1,2147483647,user007@verintnew01.prodreleasev2.com,0,2024-01-11T16:11:23.7,2024-01-11T16:10:45.7,0,1,0,0,0,1,11,,708001007,"user007, user007",0,,,,0,0,10ef2b84-d4a0-4ecb-8304-55fdb9bbb93f,708000502,Verintnew01_PhoneDS_IKHHJK,00:00:11,11,0,00:00:00,1,Phone,1,,,,,,,,10ef2b84-d4a0-4ecb-8304-55fdb9bbb93f,,,,,,,,,,,,,,,,,,,,,01812617511704989421,user007@verintnew01.prodreleasev2.com,user007@verintnew01.prodreleasev2.com,,,,,,,,,,,,,,,,,,,,,,,,,,,,,,,,,,,,,,,,,,,,,,,,,,,,,,,,,,,,,,,,,,,,,,,,,,,,0
2024-01-09T00:51:53.79,CentralContact,00:00:30,00:00:29,00:00:00,1,0,0,2634502,708,80647818,708028,2024-01-08T23:51:53.79,2024010823515378908064781870878701,+353894522990,2024-01-09T00:52:23.79,2024-01-09T00:51:53.79,9150561231370007871,29,1,+18022940681,30,0,1,2147483647,user001@verintnew01.prodreleasev2.com,0,2024-01-08T23:52:23.79,2024-01-08T23:51:53.79,0,0,0,0,0,0,0,,708001001,"user001, user001",0,,,,0,0,18b94980-b031-4596-b0ad-32d7445c1bef,708000502,Verintnew01_PhoneDS_IKHHJK,00:00:00,0,0,00:00:00,1,Phone,1,,,,,,,,18b94980-b031-4596-b0ad-32d7445c1bef,,,,,,,,,,,,,,,,,,,,,12945381591704757883,user001@verintnew01.prodreleasev2.com,user001@verintnew01.prodreleasev2.com,,,,,,,,,,,,,,,,,,,,,,,,,,,,,,,,,,,,,,,,,,,,,,,,,,,,,,,,,,,,,,,,,,,,,,,,,,,,0
2024-01-09T00:49:57.98,CentralContact,00:00:38,00:00:38,00:00:00,1,0,0,2634501,708,80647817,708027,2024-01-08T23:49:57.98,2024010823495797008064781770878701,user001@verintnew01.prodreleasev2.com,2024-01-09T00:50:35.98,2024-01-09T00:49:57.98,9150561219790007871,38,2,+353894522990,38,0,1,2147483647,user001@verintnew01.prodreleasev2.com,0,2024-01-08T23:50:35.98,2024-01-08T23:49:57.98,0,0,0,0,0,0,0,,708001001,"user001, user001",0,,,,0,0,1d6a4d4c-d1bd-444e-9fa1-6e14a0540b1b,708000502,Verintnew01_PhoneDS_IKHHJK,00:00:00,0,0,00:00:00,1,Phone,1,,,,,,,,1d6a4d4c-d1bd-444e-9fa1-6e14a0540b1b,,,,,,,,,,,,,,,,,,,,,23508000091704757797,user001@verintnew01.prodreleasev2.com,user001@verintnew01.prodreleasev2.com,,,,,,,,,,,,,,,,,,,,,,,,,,,,,,,,,,,,,,,,,,,,,,,,,,,,,,,,,,,,,,,,,,,,,,,,,,,,0
2024-01-08T20:52:28.84,CentralContact,00:00:43,00:00:43,00:00:00,1,0,0,2634499,708,80647814,708027,2024-01-08T19:52:28.84,2024010819522883908064781470878701,+353894522990,2024-01-08T20:53:11.84,2024-01-08T20:52:28.84,9150559794880007871,43,1,+18022940681,43,0,1,2147483647,user002@verintnew01.prodreleasev2.com,0,2024-01-08T19:53:11.84,2024-01-08T19:52:28.84,0,0,0,0,0,0,0,,708001002,"user002, user002",0,,,,0,0,79a7efac-7a27-4981-aae1-2b9eedc56a42,708000502,Verintnew01_PhoneDS_IKHHJK,00:00:00,0,0,00:00:00,1,Phone,1,,,,,,,,79a7efac-7a27-4981-aae1-2b9eedc56a42,,,,,,,,,,,,,,,,,,,,,12945316891704743514,user002@verintnew01.prodreleasev2.com,user002@verintnew01.prodreleasev2.com,,,,,,,,,,,,,,,,,,,,,,,,,,,,,,,,,,,,,,,,,,,,,,,,,,,,,,,,,,,,,,,,,,,,,,,,,,,,0
2024-01-04T21:35:33.277,CentralContact,00:00:09,00:00:09,00:00:00,1,0,0,2634267,708,80465300,708028,2024-01-04T20:35:33.277,2024010420353327508046530070881401,user007@verintnew01.prodreleasev2.com,2024-01-04T21:35:42.277,2024-01-04T21:35:33.277,9150525493320008141,9,2,+35391733561,9,0,1,2147483647,user007@verintnew01.prodreleasev2.com,0,2024-01-04T20:35:42.277,2024-01-04T20:35:33.277,0,0,0,0,0,0,0,,708001007,"user007, user007",0,,,,0,0,d24b6583-32c9-4c89-960d-53e5ef3a4316,708000502,Verintnew01_PhoneDS_IKHHJK,00:00:00,0,0,00:00:00,1,Phone,1,,,,,,,,d24b6583-32c9-4c89-960d-53e5ef3a4316,,,,,,,,,,,,,,,,,,,,,06855000091704400533,user007@verintnew01.prodreleasev2.com,user007@verintnew01.prodreleasev2.com,,,,,,,,,,,,,,,,,,,,,,,,,,,,,,,,,,,,,,,,,,,,,,,,,,,,,,,,,,,,,,,,,,,,,,,,,,,,0
2024-01-04T21:35:10.933,CentralContact,00:00:08,00:00:08,00:00:00,1,0,0,2634266,708,80465299,708027,2024-01-04T20:35:10.933,2024010420351093208046529970881401,user007@verintnew01.prodreleasev2.com,2024-01-04T21:35:18.933,2024-01-04T21:35:10.933,9150525491090008141,8,2,+35391733561,8,0,1,2147483647,user007@verintnew01.prodreleasev2.com,0,2024-01-04T20:35:18.933,2024-01-04T20:35:10.933,0,0,0,0,0,0,0,,708001007,"user007, user007",0,,,,0,0,c91e3204-030e-400b-a282-a326d0bd07d1,708000502,Verintnew01_PhoneDS_IKHHJK,00:00:00,0,0,00:00:00,1,Phone,1,,,,,,,,c91e3204-030e-400b-a282-a326d0bd07d1,,,,,,,,,,,,,,,,,,,,,05994000121704400510,user007@verintnew01.prodreleasev2.com,user007@verintnew01.prodreleasev2.com,,,,,,,,,,,,,,,,,,,,,,,,,,,,,,,,,,,,,,,,,,,,,,,,,,,,,,,,,,,,,,,,,,,,,,,,,,,,0
2024-01-04T21:34:28.107,CentralContact,00:00:12,00:00:12,00:00:00,1,0,0,2634265,708,80465297,708028,2024-01-04T20:34:28.107,2024010420342810708046529770881401,user007@verintnew01.prodreleasev2.com,2024-01-04T21:34:40.107,2024-01-04T21:34:28.107,9150525486810008141,12,2,+35391733561,12,0,1,2147483647,user007@verintnew01.prodreleasev2.com,0,2024-01-04T20:34:40.107,2024-01-04T20:34:28.107,0,0,0,0,0,0,0,,708001007,"user007, user007",0,,,,0,0,c08a59bc-e36d-497b-a484-5bbb4c7dce4a,708000502,Verintnew01_PhoneDS_IKHHJK,00:00:00,0,0,00:00:00,1,Phone,1,,,,,,,,c08a59bc-e36d-497b-a484-5bbb4c7dce4a,,,,,,,,,,,,,,,,,,,,,23508000081704400467,user007@verintnew01.prodreleasev2.com,user007@verintnew01.prodreleasev2.com,,,,,,,,,,,,,,,,,,,,,,,,,,,,,,,,,,,,,,,,,,,,,,,,,,,,,,,,,,,,,,,,,,,,,,,,,,,,0
2024-01-04T16:55:11.61,CentralContact,00:00:19,00:00:19,00:00:00,1,0,0,2634261,708,21154555,708028,2024-01-04T15:55:11.61,2024010415551161002115455570878701,+3612388224,2024-01-04T16:55:30.61,2024-01-04T16:55:11.61,9150523811160007871,19,1,+18022940681,19,0,1,2147483647,cristear@verintnew01.prodreleasev2.com,0,2024-01-04T15:55:30.61,2024-01-04T15:55:11.61,0,0,0,0,0,0,0,,708006002,"Cristea, Radu (Agent)",0,,,,0,0,90d2a5ef-24ff-46ae-b8f5-99c09acf55c5,708000502,Verintnew01_PhoneDS_IKHHJK,00:00:00,0,0,00:00:00,1,Phone,1,,,,,,,,90d2a5ef-24ff-46ae-b8f5-99c09acf55c5,,,,,,,,,,,,,,,,,,,,,12945309951704383670,cristear@verintnew01.prodreleasev2.com,cristear@verintnew01.prodreleasev2.com,,,,,,,,,,,,,,,,,,,,,,,,,,,,,,,,,,,,,,,,,,,,,,,,,,,,,,,,,,,,,,,,,,,,,,,,,,,,0
2024-01-04T16:40:50.477,CentralContact,00:00:30,00:00:29,00:00:00,1,0,0,2634260,708,21154553,708028,2024-01-04T15:40:50.477,2024010415405046602115455370878701,+3612388224,2024-01-04T16:41:20.477,2024-01-04T16:40:50.477,9150523725040007871,29,1,+18022940681,30,0,1,2147483647,cristear@verintnew01.prodreleasev2.com,0,2024-01-04T15:41:20.477,2024-01-04T15:40:50.477,0,0,0,0,0,0,0,,708006002,"Cristea, Radu (Agent)",0,,,,0,0,3b8549f9-3f85-4633-b101-69d5950399b3,708000502,Verintnew01_PhoneDS_IKHHJK,00:00:00,0,0,00:00:00,1,Phone,1,,,,,,,,3b8549f9-3f85-4633-b101-69d5950399b3,,,,,,,,,,,,,,,,,,,,,12945306581704382807,cristear@verintnew01.prodreleasev2.com,cristear@verintnew01.prodreleasev2.com,,,,,,,,,,,,,,,,,,,,,,,,,,,,,,,,,,,,,,,,,,,,,,,,,,,,,,,,,,,,,,,,,,,,,,,,,,,,0
2024-01-04T16:31:10.847,CentralContact,00:00:41,00:00:40,00:00:00,1,0,0,2634259,708,21154552,708027,2024-01-04T15:31:10.847,2024010415311084802115455270878701,+3612388224,2024-01-04T16:31:51.847,2024-01-04T16:31:10.847,9150523667080007871,40,1,+18022940681,41,0,1,2147483647,cristear@verintnew01.prodreleasev2.com,0,2024-01-04T15:31:51.847,2024-01-04T15:31:10.847,0,0,0,0,0,0,0,,708006002,"Cristea, Radu (Agent)",0,,,,0,0,fd3586e3-7931-45c6-b722-49a7a8b047b6,708000502,Verintnew01_PhoneDS_IKHHJK,00:00:00,0,0,00:00:00,1,Phone,1,,,,,,,,fd3586e3-7931-45c6-b722-49a7a8b047b6,,,,,,,,,,,,,,,,,,,,,01812066971704382237,cristear@verintnew01.prodreleasev2.com,cristear@verintnew01.prodreleasev2.com,,,,,,,,,,,,,,,,,,,,,,,,,,,,,,,,,,,,,,,,,,,,,,,,,,,,,,,,,,,,,,,,,,,,,,,,,,,,0
2024-01-04T16:09:31.903,CentralContact,00:01:43,00:01:42,00:00:00,1,0,0,2634258,708,21154551,708028,2024-01-04T15:09:31.903,2024010415093190202115455170878701,+3612388224,2024-01-04T16:11:14.903,2024-01-04T16:09:31.903,9150523537190007871,102,1,+18022940681,103,0,1,2147483647,cristear@verintnew01.prodreleasev2.com,0,2024-01-04T15:11:14.903,2024-01-04T15:09:31.903,0,0,0,0,0,0,0,,708006002,"Cristea, Radu (Agent)",0,,,,0,0,c94aacd5-398a-4549-b1ed-c46ea5b2ed36,708000502,Verintnew01_PhoneDS_IKHHJK,00:00:00,0,0,00:00:00,1,Phone,1,,,,,,,,c94aacd5-398a-4549-b1ed-c46ea5b2ed36,,,,,,,,,,,,,,,,,,,,,01812062911704380932,cristear@verintnew01.prodreleasev2.com,cristear@verintnew01.prodreleasev2.com,,,,,,,,,,,,,,,,,,,,,,,,,,,,,,,,,,,,,,,,,,,,,,,,,,,,,,,,,,,,,,,,,,,,,,,,,,,,0
2024-01-04T15:59:31.83,CentralContact,00:00:53,00:00:52,00:00:00,1,0,0,2634257,708,21154550,708028,2024-01-04T14:59:31.83,2024010414593183002115455070878701,+13612388224,2024-01-04T16:00:24.83,2024-01-04T15:59:31.83,9150523477180007871,52,1,+18022940681,53,0,1,2147483647,cristear@verintnew01.prodreleasev2.com,0,2024-01-04T15:00:24.83,2024-01-04T14:59:31.83,0,0,0,0,0,0,0,,708006002,"Cristea, Radu (Agent)",0,,,,0,0,de8ea0a5-b221-4c13-b8fa-e901898e11d6,708000502,Verintnew01_PhoneDS_IKHHJK,00:00:00,0,0,00:00:00,1,Phone,1,,,,,,,,de8ea0a5-b221-4c13-b8fa-e901898e11d6,,,,,,,,,,,,,,,,,,,,,01812060761704380323,cristear@verintnew01.prodreleasev2.com,cristear@verintnew01.prodreleasev2.com,,,,,,,,,,,,,,,,,,,,,,,,,,,,,,,,,,,,,,,,,,,,,,,,,,,,,,,,,,,,,,,,,,,,,,,,,,,,0
2024-01-02T15:50:42.28,CentralContact,00:00:11,00:00:11,00:00:00,1,0,0,2620988,708,80465279,708028,2024-01-02T14:50:42.28,2024010214504227908046527970881401,user007@verintnew01.prodreleasev2.com,2024-01-02T15:50:53.28,2024-01-02T15:50:42.28,9150506144220008141,11,2,+35391733561,11,0,1,2147483647,user007@verintnew01.prodreleasev2.com,0,2024-01-02T14:50:53.28,2024-01-02T14:50:42.28,0,0,0,0,0,0,0,,708001007,"user007, user007",0,,,,0,0,e04a86c9-a0d0-4b6a-9a98-20345fbe178d,708000502,Verintnew01_PhoneDS_IKHHJK,00:00:00,0,0,00:00:00,1,Phone,1,,,,,,,,e04a86c9-a0d0-4b6a-9a98-20345fbe178d,,,,,,,,,,,,,,,,,,,,,05994000101704207042,user007@verintnew01.prodreleasev2.com,user007@verintnew01.prodreleasev2.com,,,,,,,,,,,,,,,,,,,,,,,,,,,,,,,,,,,,,,,,,,,,,,,,,,,,,,,,,,,,,,,,,,,,,,,,,,,,0
2024-01-02T15:50:19.637,CentralContact,00:00:10,00:00:10,00:00:00,1,0,0,2620987,708,80465278,708027,2024-01-02T14:50:19.637,2024010214501963808046527870881401,user007@verintnew01.prodreleasev2.com,2024-01-02T15:50:29.637,2024-01-02T15:50:19.637,9150506141960008141,10,2,+35391733561,10,0,1,2147483647,user007@verintnew01.prodreleasev2.com,0,2024-01-02T14:50:29.637,2024-01-02T14:50:19.637,0,0,0,0,0,0,0,,708001007,"user007, user007",0,,,,0,0,34979836-56f1-41b7-9873-b7570112a44a,708000502,Verintnew01_PhoneDS_IKHHJK,00:00:00,0,0,00:00:00,1,Phone,1,,,,,,,,34979836-56f1-41b7-9873-b7570112a44a,,,,,,,,,,,,,,,,,,,,,06855000061704207019,user007@verintnew01.prodreleasev2.com,user007@verintnew01.prodreleasev2.com,,,,,,,,,,,,,,,,,,,,,,,,,,,,,,,,,,,,,,,,,,,,,,,,,,,,,,,,,,,,,,,,,,,,,,,,,,,,0
2024-01-02T15:49:50.86,CentralContact,00:00:09,00:00:09,00:00:00,1,0,0,2620986,708,80465277,708028,2024-01-02T14:49:50.86,2024010214495085908046527770881401,user007@verintnew01.prodreleasev2.com,2024-01-02T15:49:59.86,2024-01-02T15:49:50.86,9150506139080008141,9,2,+35391733561,9,0,1,2147483647,user007@verintnew01.prodreleasev2.com,0,2024-01-02T14:49:59.86,2024-01-02T14:49:50.86,0,0,0,0,0,0,0,,708001007,"user007, user007",0,,,,0,0,7fe7b48b-1a3a-432b-b581-1dbaa1d4159f,708000502,Verintnew01_PhoneDS_IKHHJK,00:00:00,0,0,00:00:00,1,Phone,1,,,,,,,,7fe7b48b-1a3a-432b-b581-1dbaa1d4159f,,,,,,,,,,,,,,,,,,,,,05994000091704206990,user007@verintnew01.prodreleasev2.com,user007@verintnew01.prodreleasev2.com,,,,,,,,,,,,,,,,,,,,,,,,,,,,,,,,,,,,,,,,,,,,,,,,,,,,,,,,,,,,,,,,,,,,,,,,,,,,0
2023-12-21T11:44:39.647,CentralContact,00:00:12,00:00:12,00:00:00,1,0,0,2620549,708,80465276,708027,2023-12-21T10:44:39.647,2023122110443964808046527670881401,user007@verintnew01.prodreleasev2.com,2023-12-21T11:44:51.647,2023-12-21T11:44:39.647,9150400987960008141,12,2,+35391733561,12,0,1,2147483647,user007@verintnew01.prodreleasev2.com,0,2023-12-21T10:44:51.647,2023-12-21T10:44:39.647,0,0,0,0,0,0,0,,708001007,"user007, user007",0,,,,0,0,e249b5b6-66b2-469f-9b52-84df65e9b56a,708000502,Verintnew01_PhoneDS_IKHHJK,00:00:00,0,0,00:00:00,1,Phone,1,,,,,,,,e249b5b6-66b2-469f-9b52-84df65e9b56a,,,,,,,,,,,,,,,,,,,,,05994000081703155479,user007@verintnew01.prodreleasev2.com,user007@verintnew01.prodreleasev2.com,,,,,,,,,,,,,,,,,,,,,,,,,,,,,,,,,,,,,,,,,,,,,,,,,,,,,,,,,,,,,,,,,,,,,,,,,,,,0
2023-12-21T11:44:20.02,CentralContact,00:00:08,00:00:07,00:00:00,1,0,0,2620548,708,80465275,708028,2023-12-21T10:44:20.02,2023122110442001908046527570881401,user007@verintnew01.prodreleasev2.com,2023-12-21T11:44:28.02,2023-12-21T11:44:20.02,9150400986000008141,7,2,+35391733561,8,0,1,2147483647,user007@verintnew01.prodreleasev2.com,0,2023-12-21T10:44:28.02,2023-12-21T10:44:20.02,0,0,0,0,0,0,0,,708001007,"user007, user007",0,,,,0,0,bd80a2c1-cca5-4e3b-80e5-763fe96bd549,708000502,Verintnew01_PhoneDS_IKHHJK,00:00:00,0,0,00:00:00,1,Phone,1,,,,,,,,bd80a2c1-cca5-4e3b-80e5-763fe96bd549,,,,,,,,,,,,,,,,,,,,,06855000051703155459,user007@verintnew01.prodreleasev2.com,user007@verintnew01.prodreleasev2.com,,,,,,,,,,,,,,,,,,,,,,,,,,,,,,,,,,,,,,,,,,,,,,,,,,,,,,,,,,,,,,,,,,,,,,,,,,,,0
2023-12-21T11:17:56.027,CentralContact,00:00:13,00:00:12,00:00:00,1,0,0,2620547,708,21154535,708027,2023-12-21T10:17:56.027,2023122110175602802115453570878701,user007@verintnew01.prodreleasev2.com,2023-12-21T11:18:09.027,2023-12-21T11:17:56.027,9150400827600007871,12,2,+35391733561,13,0,1,2147483647,user007@verintnew01.prodreleasev2.com,0,2023-12-21T10:18:09.027,2023-12-21T10:17:56.027,0,0,0,0,0,0,0,,708001007,"user007, user007",0,,,,0,0,29dc6734-b0a1-42ec-9109-dbc87768d593,708000502,Verintnew01_PhoneDS_IKHHJK,00:00:00,0,0,00:00:00,1,Phone,1,,,,,,,,29dc6734-b0a1-42ec-9109-dbc87768d593,,,,,,,,,,,,,,,,,,,,,23508000061703153875,user007@verintnew01.prodreleasev2.com,user007@verintnew01.prodreleasev2.com,,,,,,,,,,,,,,,,,,,,,,,,,,,,,,,,,,,,,,,,,,,,,,,,,,,,,,,,,,,,,,,,,,,,,,,,,,,,0
2023-12-21T11:17:26.97,CentralContact,00:00:14,00:00:13,00:00:00,1,0,0,2620546,708,21154534,708028,2023-12-21T10:17:26.97,2023122110172697102115453470878701,user007@verintnew01.prodreleasev2.com,2023-12-21T11:17:40.97,2023-12-21T11:17:26.97,9150400824690007871,13,2,+35391733561,14,0,1,2147483647,user007@verintnew01.prodreleasev2.com,0,2023-12-21T10:17:40.97,2023-12-21T10:17:26.97,0,0,0,0,0,0,0,,708001007,"user007, user007",0,,,,0,0,e1759c56-901f-477e-82a3-1888678bf869,708000502,Verintnew01_PhoneDS_IKHHJK,00:00:00,0,0,00:00:00,1,Phone,1,,,,,,,,e1759c56-901f-477e-82a3-1888678bf869,,,,,,,,,,,,,,,,,,,,,05994000071703153846,user007@verintnew01.prodreleasev2.com,user007@verintnew01.prodreleasev2.com,,,,,,,,,,,,,,,,,,,,,,,,,,,,,,,,,,,,,,,,,,,,,,,,,,,,,,,,,,,,,,,,,,,,,,,,,,,,0
2023-12-21T11:17:06.27,CentralContact,00:00:09,00:00:09,00:00:00,1,0,0,2620545,708,21154533,708027,2023-12-21T10:17:06.27,2023122110170626902115453370878701,user007@verintnew01.prodreleasev2.com,2023-12-21T11:17:15.27,2023-12-21T11:17:06.27,9150400822620007871,9,2,+35391733561,9,0,1,2147483647,user007@verintnew01.prodreleasev2.com,0,2023-12-21T10:17:15.27,2023-12-21T10:17:06.27,0,0,0,0,0,0,0,,708001007,"user007, user007",0,,,,0,0,81f265d0-1bdb-4a69-8559-aa015556bdd0,708000502,Verintnew01_PhoneDS_IKHHJK,00:00:00,0,0,00:00:00,1,Phone,1,,,,,,,,81f265d0-1bdb-4a69-8559-aa015556bdd0,,,,,,,,,,,,,,,,,,,,,23508000051703153826,user007@verintnew01.prodreleasev2.com,user007@verintnew01.prodreleasev2.com,,,,,,,,,,,,,,,,,,,,,,,,,,,,,,,,,,,,,,,,,,,,,,,,,,,,,,,,,,,,,,,,,,,,,,,,,,,,0
2023-12-21T11:03:06.3,CentralContact,00:00:11,00:00:10,00:00:00,1,0,0,2620544,708,21154532,708028,2023-12-21T10:03:06.3,2023122110030629802115453270878701,user007@verintnew01.prodreleasev2.com,2023-12-21T11:03:17.3,2023-12-21T11:03:06.3,9150400738620007871,10,2,+35391733561,11,0,1,2147483647,user007@verintnew01.prodreleasev2.com,0,2023-12-21T10:03:17.3,2023-12-21T10:03:06.3,0,0,0,0,0,0,0,,708001007,"user007, user007",0,,,,0,0,215e1dd8-9789-4414-b2db-464b56819351,708000502,Verintnew01_PhoneDS_IKHHJK,00:00:00,0,0,00:00:00,1,Phone,1,,,,,,,,215e1dd8-9789-4414-b2db-464b56819351,,,,,,,,,,,,,,,,,,,,,05994000061703152986,user007@verintnew01.prodreleasev2.com,user007@verintnew01.prodreleasev2.com,,,,,,,,,,,,,,,,,,,,,,,,,,,,,,,,,,,,,,,,,,,,,,,,,,,,,,,,,,,,,,,,,,,,,,,,,,,,0
2023-12-21T11:02:34.717,CentralContact,00:00:10,00:00:09,00:00:00,1,0,0,2620543,708,21154531,708028,2023-12-21T10:02:34.717,2023122110023471802115453170878701,user007@verintnew01.prodreleasev2.com,2023-12-21T11:02:44.717,2023-12-21T11:02:34.717,9150400735470007871,9,2,+35391733561,10,0,1,2147483647,user007@verintnew01.prodreleasev2.com,0,2023-12-21T10:02:44.717,2023-12-21T10:02:34.717,0,0,0,0,0,0,0,,708001007,"user007, user007",0,,,,0,0,8b736d31-612c-4e6b-91b3-09695d38f84f,708000502,Verintnew01_PhoneDS_IKHHJK,00:00:00,0,0,00:00:00,1,Phone,1,,,,,,,,8b736d31-612c-4e6b-91b3-09695d38f84f,,,,,,,,,,,,,,,,,,,,,05994000051703152954,user007@verintnew01.prodreleasev2.com,user007@verintnew01.prodreleasev2.com,,,,,,,,,,,,,,,,,,,,,,,,,,,,,,,,,,,,,,,,,,,,,,,,,,,,,,,,,,,,,,,,,,,,,,,,,,,,0
2023-12-21T10:50:06.717,CentralContact,00:00:11,00:00:11,00:00:00,1,0,0,2620542,708,21154530,708027,2023-12-21T09:50:06.717,2023122109500671702115453070878701,user007@verintnew01.prodreleasev2.com,2023-12-21T10:50:17.717,2023-12-21T10:50:06.717,9150400660670007871,11,2,+35391733561,11,0,1,2147483647,user007@verintnew01.prodreleasev2.com,0,2023-12-21T09:50:17.717,2023-12-21T09:50:06.717,0,0,0,0,0,0,0,,708001007,"user007, user007",0,,,,0,0,3ae98a35-26c1-4266-ab90-66c9ca0a3e7e,708000502,Verintnew01_PhoneDS_IKHHJK,00:00:00,0,0,00:00:00,1,Phone,1,,,,,,,,3ae98a35-26c1-4266-ab90-66c9ca0a3e7e,,,,,,,,,,,,,,,,,,,,,05994000041703152206,user007@verintnew01.prodreleasev2.com,user007@verintnew01.prodreleasev2.com,,,,,,,,,,,,,,,,,,,,,,,,,,,,,,,,,,,,,,,,,,,,,,,,,,,,,,,,,,,,,,,,,,,,,,,,,,,,0
2023-12-21T10:49:44.997,CentralContact,00:00:11,00:00:10,00:00:00,1,0,0,2620541,708,21154529,708028,2023-12-21T09:49:44.997,2023122109494499702115452970878701,user007@verintnew01.prodreleasev2.com,2023-12-21T10:49:55.997,2023-12-21T10:49:44.997,9150400658490007871,10,2,+35391733561,11,0,1,2147483647,user007@verintnew01.prodreleasev2.com,0,2023-12-21T09:49:55.997,2023-12-21T09:49:44.997,0,0,0,0,0,0,0,,708001007,"user007, user007",0,,,,0,0,f3a3a592-5e6d-486e-8eae-0a3f26a772d0,708000502,Verintnew01_PhoneDS_IKHHJK,00:00:00,0,0,00:00:00,1,Phone,1,,,,,,,,f3a3a592-5e6d-486e-8eae-0a3f26a772d0,,,,,,,,,,,,,,,,,,,,,05994000031703152184,user007@verintnew01.prodreleasev2.com,user007@verintnew01.prodreleasev2.com,,,,,,,,,,,,,,,,,,,,,,,,,,,,,,,,,,,,,,,,,,,,,,,,,,,,,,,,,,,,,,,,,,,,,,,,,,,,0
2023-12-21T10:36:20.377,CentralContact,00:00:11,00:00:10,00:00:00,1,0,0,2620540,708,21154528,708027,2023-12-21T09:36:20.377,2023122109362037602115452870878701,user007@verintnew01.prodreleasev2.com,2023-12-21T10:36:31.377,2023-12-21T10:36:20.377,9150400578030007871,10,2,+35391733561,11,0,1,2147483647,user007@verintnew01.prodreleasev2.com,0,2023-12-21T09:36:31.377,2023-12-21T09:36:20.377,0,0,0,0,0,0,0,,708001007,"user007, user007",0,,,,0,0,3ff7cc44-1de8-4481-ba92-aa9ffbd076d4,708000502,Verintnew01_PhoneDS_IKHHJK,00:00:00,0,0,00:00:00,1,Phone,1,,,,,,,,3ff7cc44-1de8-4481-ba92-aa9ffbd076d4,,,,,,,,,,,,,,,,,,,,,06855000041703151380,user007@verintnew01.prodreleasev2.com,user007@verintnew01.prodreleasev2.com,,,,,,,,,,,,,,,,,,,,,,,,,,,,,,,,,,,,,,,,,,,,,,,,,,,,,,,,,,,,,,,,,,,,,,,,,,,,0
2023-12-21T10:35:52.797,CentralContact,00:00:11,00:00:11,00:00:00,1,0,0,2620539,708,21154527,708028,2023-12-21T09:35:52.797,2023122109355279702115452770878701,user007@verintnew01.prodreleasev2.com,2023-12-21T10:36:03.797,2023-12-21T10:35:52.797,9150400575270007871,11,2,+35391733561,11,0,1,2147483647,user007@verintnew01.prodreleasev2.com,0,2023-12-21T09:36:03.797,2023-12-21T09:35:52.797,0,0,0,0,0,0,0,,708001007,"user007, user007",0,,,,0,0,8dcb7023-5b76-4e62-b36e-dd34b6209754,708000502,Verintnew01_PhoneDS_IKHHJK,00:00:00,0,0,00:00:00,1,Phone,1,,,,,,,,8dcb7023-5b76-4e62-b36e-dd34b6209754,,,,,,,,,,,,,,,,,,,,,06855000031703151352,user007@verintnew01.prodreleasev2.com,user007@verintnew01.prodreleasev2.com,,,,,,,,,,,,,,,,,,,,,,,,,,,,,,,,,,,,,,,,,,,,,,,,,,,,,,,,,,,,,,,,,,,,,,,,,,,,0
2023-12-21T10:13:46.627,CentralContact,00:00:11,00:00:11,00:00:00,1,0,0,2620535,708,21154526,708028,2023-12-21T09:13:46.627,2023122109134662802115452670878701,user007@verintnew01.prodreleasev2.com,2023-12-21T10:13:57.627,2023-12-21T10:13:46.627,9150400442660007871,11,2,+35391733561,11,0,1,2147483647,user007@verintnew01.prodreleasev2.com,0,2023-12-21T09:13:57.627,2023-12-21T09:13:46.627,0,0,0,0,0,0,0,,708001007,"user007, user007",0,,,,0,0,b8abe658-d42b-4d48-96d5-88cf4bcc6b06,708000502,Verintnew01_PhoneDS_IKHHJK,00:00:00,0,0,00:00:00,1,Phone,1,,,,,,,,b8abe658-d42b-4d48-96d5-88cf4bcc6b06,,,,,,,,,,,,,,,,,,,,,23508000041703150026,user007@verintnew01.prodreleasev2.com,user007@verintnew01.prodreleasev2.com,,,,,,,,,,,,,,,,,,,,,,,,,,,,,,,,,,,,,,,,,,,,,,,,,,,,,,,,,,,,,,,,,,,,,,,,,,,,0
2023-12-21T10:13:24.893,CentralContact,00:00:10,00:00:10,00:00:00,1,0,0,2620534,708,21154525,708027,2023-12-21T09:13:24.893,2023122109132489302115452570878701,user007@verintnew01.prodreleasev2.com,2023-12-21T10:13:34.893,2023-12-21T10:13:24.893,9150400440480007871,10,2,+35391733561,10,0,1,2147483647,user007@verintnew01.prodreleasev2.com,0,2023-12-21T09:13:34.893,2023-12-21T09:13:24.893,0,0,0,0,0,0,0,,708001007,"user007, user007",0,,,,0,0,48abe2f1-f6ae-4d6e-8ef8-4f132366cd63,708000502,Verintnew01_PhoneDS_IKHHJK,00:00:00,0,0,00:00:00,1,Phone,1,,,,,,,,48abe2f1-f6ae-4d6e-8ef8-4f132366cd63,,,,,,,,,,,,,,,,,,,,,23508000031703150004,user007@verintnew01.prodreleasev2.com,user007@verintnew01.prodreleasev2.com,,,,,,,,,,,,,,,,,,,,,,,,,,,,,,,,,,,,,,,,,,,,,,,,,,,,,,,,,,,,,,,,,,,,,,,,,,,,0
2023-12-20T18:31:23.92,CentralContact,00:00:11,00:00:10,00:00:00,1,0,0,2620502,708,80465263,708027,2023-12-20T17:31:23.92,2023122017312392008046526370881401,user007@verintnew01.prodreleasev2.com,2023-12-20T18:31:34.92,2023-12-20T18:31:23.92,9150394788390008141,10,2,+35391733561,11,0,1,2147483647,user007@verintnew01.prodreleasev2.com,0,2023-12-20T17:31:34.92,2023-12-20T17:31:23.92,0,0,0,0,0,0,0,,708001007,"user007, user007",0,,,,0,0,07e850c3-0d05-4c0c-9a33-2ee1a4abc7e2,708000502,Verintnew01_PhoneDS_IKHHJK,00:00:00,0,0,00:00:00,1,Phone,1,,,,,,,,07e850c3-0d05-4c0c-9a33-2ee1a4abc7e2,,,,,,,,,,,,,,,,,,,,,23508000021703093483,user007@verintnew01.prodreleasev2.com,user007@verintnew01.prodreleasev2.com,,,,,,,,,,,,,,,,,,,,,,,,,,,,,,,,,,,,,,,,,,,,,,,,,,,,,,,,,,,,,,,,,,,,,,,,,,,,0
2023-12-20T18:31:02.51,CentralContact,00:00:10,00:00:09,00:00:00,1,0,0,2620501,708,80465262,708027,2023-12-20T17:31:02.51,2023122017310251108046526270881401,user007@verintnew01.prodreleasev2.com,2023-12-20T18:31:12.51,2023-12-20T18:31:02.51,9150394786250008141,9,2,+35391733561,10,0,1,2147483647,user007@verintnew01.prodreleasev2.com,0,2023-12-20T17:31:12.51,2023-12-20T17:31:02.51,0,0,0,0,0,0,0,,708001007,"user007, user007",0,,,,0,0,02f00158-4ea7-4b0f-bc54-2563fd213f41,708000502,Verintnew01_PhoneDS_IKHHJK,00:00:00,0,0,00:00:00,1,Phone,1,,,,,,,,02f00158-4ea7-4b0f-bc54-2563fd213f41,,,,,,,,,,,,,,,,,,,,,23508000011703093462,user007@verintnew01.prodreleasev2.com,user007@verintnew01.prodreleasev2.com,,,,,,,,,,,,,,,,,,,,,,,,,,,,,,,,,,,,,,,,,,,,,,,,,,,,,,,,,,,,,,,,,,,,,,,,,,,,0
2023-12-20T14:26:32.3,CentralContact,00:00:12,00:00:11,00:00:00,1,0,0,2620495,708,80465261,708027,2023-12-20T13:26:32.3,2023122013263230108046526170881401,user007@verintnew01.prodreleasev2.com,2023-12-20T14:26:44.3,2023-12-20T14:26:32.3,9150393319230008141,11,2,+353892132498,12,0,1,2147483647,user007@verintnew01.prodreleasev2.com,0,2023-12-20T13:26:44.3,2023-12-20T13:26:32.3,0,0,0,0,0,0,0,,708001007,"user007, user007",0,,,,0,0,de4673a4-9c6f-4f6f-9a77-3e7f0d40787e,708000502,Verintnew01_PhoneDS_IKHHJK,00:00:00,0,0,00:00:00,1,Phone,1,,,,,,,,de4673a4-9c6f-4f6f-9a77-3e7f0d40787e,,,,,,,,,,,,,,,,,,,,,05994000021703078792,user007@verintnew01.prodreleasev2.com,user007@verintnew01.prodreleasev2.com,,,,,,,,,,,,,,,,,,,,,,,,,,,,,,,,,,,,,,,,,,,,,,,,,,,,,,,,,,,,,,,,,,,,,,,,,,,,0
2023-12-20T14:26:08.567,CentralContact,00:00:11,00:00:11,00:00:00,1,0,0,2620494,708,80465260,708028,2023-12-20T13:26:08.567,2023122013260856608046526070881401,user007@verintnew01.prodreleasev2.com,2023-12-20T14:26:19.567,2023-12-20T14:26:08.567,9150393316850008141,11,2,+353892132498,11,0,1,2147483647,user007@verintnew01.prodreleasev2.com,0,2023-12-20T13:26:19.567,2023-12-20T13:26:08.567,0,0,0,0,0,0,0,,708001007,"user007, user007",0,,,,0,0,05e868d7-26fa-43fc-9a6f-d3c5531df457,708000502,Verintnew01_PhoneDS_IKHHJK,00:00:00,0,0,00:00:00,1,Phone,1,,,,,,,,05e868d7-26fa-43fc-9a6f-d3c5531df457,,,,,,,,,,,,,,,,,,,,,23508000001703078768,user007@verintnew01.prodreleasev2.com,user007@verintnew01.prodreleasev2.com,,,,,,,,,,,,,,,,,,,,,,,,,,,,,,,,,,,,,,,,,,,,,,,,,,,,,,,,,,,,,,,,,,,,,,,,,,,,0
2023-12-20T14:25:25.42,CentralContact,00:00:15,00:00:15,00:00:00,1,0,0,2620493,708,80465259,708028,2023-12-20T13:25:25.42,2023122013252541908046525970881401,user007@verintnew01.prodreleasev2.com,2023-12-20T14:25:40.42,2023-12-20T14:25:25.42,9150393312540008141,15,2,+353892132498,15,0,1,2147483647,user007@verintnew01.prodreleasev2.com,0,2023-12-20T13:25:40.42,2023-12-20T13:25:25.42,0,0,0,0,0,0,0,,708001007,"user007, user007",0,,,,0,0,e1b456ae-ea91-4332-af2d-b9bc88c3e0c3,708000502,Verintnew01_PhoneDS_IKHHJK,00:00:00,0,0,00:00:00,1,Phone,1,,,,,,,,e1b456ae-ea91-4332-af2d-b9bc88c3e0c3,,,,,,,,,,,,,,,,,,,,,05994000011703078725,user007@verintnew01.prodreleasev2.com,user007@verintnew01.prodreleasev2.com,,,,,,,,,,,,,,,,,,,,,,,,,,,,,,,,,,,,,,,,,,,,,,,,,,,,,,,,,,,,,,,,,,,,,,,,,,,,0
2023-12-18T21:11:04.623,CentralContact,00:00:28,00:00:28,00:00:00,1,0,0,2608528,708,21154519,708027,2023-12-18T20:11:04.623,2023121820110462202115451970878701,user002@verintnew01.prodreleasev2.com,2023-12-18T21:11:32.623,2023-12-18T21:11:04.623,9150378466460007871,28,2,35391733505,28,0,1,2147483647,user002@verintnew01.prodreleasev2.com,0,2023-12-18T20:11:32.623,2023-12-18T20:11:04.623,0,0,0,0,0,0,0,,708001002,"user002, user002",0,,,,0,0,289020e5-1556-449d-abb1-65316e5fcf7d,708000502,Verintnew01_PhoneDS_IKHHJK,00:00:00,0,0,00:00:00,1,Phone,1,,,,,,,,289020e5-1556-449d-abb1-65316e5fcf7d,,,,,,,,,,,,,,,,,,,,,06855000021702930264,user002@verintnew01.prodreleasev2.com,user002@verintnew01.prodreleasev2.com,,,,,,,,,,,,,,,,,,,,,,,,,,,,,,,,,,,,,,,,,,,,,,,,,,,,,,,,,,,,,,,,,,,,,,,,,,,,0
2023-12-18T21:09:00.697,CentralContact,00:01:54,00:01:53,00:00:00,1,0,0,2608527,708,21154518,708027,2023-12-18T20:09:00.697,2023121820090069802115451870878701,user002@verintnew01.prodreleasev2.com,2023-12-18T21:10:54.697,2023-12-18T21:09:00.697,9150378454060007871,113,2,35391733505,114,0,1,2147483647,user002@verintnew01.prodreleasev2.com,0,2023-12-18T20:10:54.697,2023-12-18T20:09:00.697,0,0,0,0,0,0,0,,708001002,"user002, user002",0,,,,0,0,fa0bef95-5a68-4af2-965d-d79915084b4d,708000502,Verintnew01_PhoneDS_IKHHJK,00:00:00,0,0,00:00:00,1,Phone,1,,,,,,,,fa0bef95-5a68-4af2-965d-d79915084b4d,,,,,,,,,,,,,,,,,,,,,05994000001702930140,user002@verintnew01.prodreleasev2.com,user002@verintnew01.prodreleasev2.com,,,,,,,,,,,,,,,,,,,,,,,,,,,,,,,,,,,,,,,,,,,,,,,,,,,,,,,,,,,,,,,,,,,,,,,,,,,,0
2023-12-18T21:08:24.307,CentralContact,00:00:31,00:00:30,00:00:00,1,0,0,2608526,708,21154517,708028,2023-12-18T20:08:24.307,2023121820082430502115451770878701,user002@verintnew01.prodreleasev2.com,2023-12-18T21:08:55.307,2023-12-18T21:08:24.307,9150378450430007871,30,2,+35391733505,31,0,1,2147483647,user002@verintnew01.prodreleasev2.com,0,2023-12-18T20:08:55.307,2023-12-18T20:08:24.307,0,0,0,0,0,0,0,,708001002,"user002, user002",0,,,,0,0,82bdcd15-2886-4702-9fc8-5b8d76c82b94,708000502,Verintnew01_PhoneDS_IKHHJK,00:00:00,0,0,00:00:00,1,Phone,1,,,,,,,,82bdcd15-2886-4702-9fc8-5b8d76c82b94,,,,,,,,,,,,,,,,,,,,,06855000011702930104,user002@verintnew01.prodreleasev2.com,user002@verintnew01.prodreleasev2.com,,,,,,,,,,,,,,,,,,,,,,,,,,,,,,,,,,,,,,,,,,,,,,,,,,,,,,,,,,,,,,,,,,,,,,,,,,,,0
2023-12-18T21:07:47.78,CentralContact,00:00:08,00:00:08,00:00:00,1,0,0,2608525,708,21154516,708027,2023-12-18T20:07:47.78,2023121820074777902115451670878701,user002@verintnew01.prodreleasev2.com,2023-12-18T21:07:55.78,2023-12-18T21:07:47.78,9150378446770007871,8,2,+35391733503,8,0,1,2147483647,user002@verintnew01.prodreleasev2.com,0,2023-12-18T20:07:55.78,2023-12-18T20:07:47.78,0,0,0,0,0,0,0,,708001002,"user002, user002",0,,,,0,0,47abc5de-27ae-4588-aeb3-9f2e6d9d9d33,708000502,Verintnew01_PhoneDS_IKHHJK,00:00:00,0,0,00:00:00,1,Phone,1,,,,,,,,47abc5de-27ae-4588-aeb3-9f2e6d9d9d33,,,,,,,,,,,,,,,,,,,,,06855000001702930067,user002@verintnew01.prodreleasev2.com,user002@verintnew01.prodreleasev2.com,,,,,,,,,,,,,,,,,,,,,,,,,,,,,,,,,,,,,,,,,,,,,,,,,,,,,,,,,,,,,,,,,,,,,,,,,,,,0
